survey_date,survey_round,enum_name,enum_sex,site_id,site_name,provincia,distrito,posto,localizacao,longitude,latitude,site_class,site_type,type_other,open_date,site_mang,site_com,accessible,safe_secure,original_region,original_distrito,origin_trad_area,original_localizacao,return,prevent_return,period_displaced,familias,idps,vulnerables,need1,need2,need3,sleep_outdoors,sleep_emergency_shelter,sleep_permanent_shelter,nfi_needs_1,nfi_needs_2,nfi_needs_3,nfi_needs_all,reason_NFI_needs,other_reasons_NFI_needs,main_water_source,drinking_cooking_washing,enough_water_cook_pers_hyg,enough_water_drink,enough_water_shower,enough_soap,comm_fac_sanitation,area_od,area_garbage,less_3meals,go_market,needs_market,needs_market _reason,needs_market _reason_other,time_health_fac,prevent_healthcare,female_workers_healthcare,women_birth,women_birth_professional,prop_school_u5,prop_school_6_12,prop_school_13_17,lighting_community,separated_toilet,lock_toilet,lit_toilets,separate_baths,bathing_locks,eviction_threat,security,vul,wash,shelter,food,health,edu,prot,ret
2019-04-05,2,n/a,Female,MOZ_S003,ES Azem,Sofala,Cidade da Beira,Cidade da Beira,Inhamizua,34.86305556,-19.75888889,Spontaneous,School,NULL,2019-03-14,Yes,No,Yes,Yes,Sofala,Cidade da Beira,Cidade da Beira,Inhamizua,Do not know/No answer,House damaged/destroyed,Less than 1 week,6,30,n/a,Food,Medicines,House,Nobody (around 0%),Nobody (around 0%),Everyone (around 100%),Shoes and clothes,Cooking stoves,Hygiene products (for personal hygiene),"Shoes and clothes, Cooking stoves, Hygiene products (for personal hygiene)","Items are sold, and there is access to the market, but items are too expensive/people do not have enough money",NULL,Water sources from FIPAG,Public tap/Standpipe,Everyone (around 100%),Everyone (around 100%),Everyone (around 100%),Most (around 75%),Flush to septic tank,Nobody (around 0%),A few (around 25%),About half (around 50%),Walking,No,Do not have enough money/Prices are too high,NULL,More than 30 minutes,Nothing is preventing people,No,At health facility,Yes,Nobody (around 0%),Nobody (around 0%),Nobody (around 0%),None (around 0%),None (around 0%),All (100%),None (around 0%),None (around 0%),All (100%),Yes,Yes,VULNERABILITIES AND NEEDS,WASH,SHELTER,FOOD,HEALTH,EDUCATION,PROTECTION,RETURN
2019-04-05,2,n/a,Male,MOZ_S010,EPC Muavi 2,Sofala,Cidade da Beira,Cidade da Beira,Manga lo forte,34.92222222,-19.80611111,Spontaneous,School,NULL,2019-03-15,No,No Answer,Yes,Yes,Sofala,Cidade da Beira,Cidade da Beira,Manga loforte,Yes,House damaged/destroyed,Between 1 and 2 weeks,91,374,n/a,Food,Health,Clothes,About half (around 50%),Most (around 75%),Most (around 75%),Shoes and clothes,Mosquito nets,"Items for sleeping (mats, blankets,..)","Shoes and clothes, Mosquito nets, Items for sleeping (mats, blankets,..)",No answer/Do not know,NULL,Water sources from FIPAG,Piped water to neighbor,About half (around 50%),Most (around 75%),A few (around 25%),A few (around 25%),Pit latrine with slab,About half (around 50%),About half (around 50%),Most (around 75%),Walking,No,Do not have enough money/Prices are too high,NULL,There is no reachable health facility,No medicines available in healthcare center,Only sometimes/Part of the time,At health facility,Yes,Most (around 75%),Most (around 75%),Most (around 75%),Most (around 75%),None (around 0%),None (around 0%),None (around 0%),None (around 0%),None (around 0%),No,Yes,VULNERABILITIES AND NEEDS,WASH,SHELTER,FOOD,HEALTH,EDUCATION,PROTECTION,RETURN
2019-04-05,2,n/a,Male,MOZ_S022,China HD,Sofala,Cidade da Beira,Cidade da Beira,Manga,34.874833,-19.746417,Spontaneous,School,Private building,2019-03-15,Yes,No Answer,Yes,Yes,Sofala,Cidade da Beira,Cidade da Beira,Manga,Yes,House damaged/destroyed,Less than 1 week,35,180,n/a,Food,Medicines,Buildig material,Nobody (around 0%),Nobody (around 0%),Everyone (around 100%),Closed containers to transport and /or store water,Mosquito nets,Soap/detergent for washing clothes,"Closed containers to transport and /or store water, Mosquito nets, Soap/detergent for washing clothes",There is no market or access to market from the site,NULL,Water sources from FIPAG,Piped water to neighbor,Everyone (around 100%),Most (around 75%),Nobody (around 0%),Nobody (around 0%),No facility / bush / field (aggregate/adapt to the context as needed),Everyone (around 100%),Nobody (around 0%),Everyone (around 100%),Walking,Yes,NULL,NULL,More than 30 minutes,Cost/Money,Yes,At health facility,Yes,Nobody (around 0%),Most (around 75%),Most (around 75%),None (around 0%),None (around 0%),None (around 0%),None (around 0%),None (around 0%),None (around 0%),Yes,No,VULNERABILITIES AND NEEDS,WASH,SHELTER,FOOD,HEALTH,EDUCATION,PROTECTION,RETURN
2019-04-05,2,n/a,Female,MOZ_S023,EPC M Central,Sofala,Cidade da Beira,Cidade da Beira,Munhava,34.86407,-19.81405,Spontaneous,School,NULL,2019-03-14,Yes,No Answer,Yes,Yes,Sofala,Cidade da Beira,Cidade da Beira,Munhava,Yes,Lack of food,Between 2 and 1 month,17,90,n/a,Food,Mosquitos nets,Tent,Nobody (around 0%),Nobody (around 0%),A few (around 25%),Shoes and clothes,Mosquito nets,"Items for sleeping (mats, blankets,..)","Shoes and clothes, Mosquito nets, Items for sleeping (mats, blankets,..)","Items are sold, and there is access to the market, but items are too expensive/people do not have enough money",NULL,Piped water into dwelling,Piped water into dwelling,A few (around 25%),Most (around 75%),Most (around 75%),A few (around 25%),Flush to septic tank,Most (around 75%),A few (around 25%),Everyone (around 100%),Walking,No,Do not have enough money/Prices are too high,NULL,There is no reachable health facility,No medicines available in healthcare center,No,At health facility,No,A few (around 25%),About half (around 50%),A few (around 25%),A few (around 25%),None (around 0%),A few (around 25%),A few (around 25%),None (around 0%),None (around 0%),No,Yes,VULNERABILITIES AND NEEDS,WASH,SHELTER,FOOD,HEALTH,EDUCATION,PROTECTION,RETURN
2019-04-05,2,n/a,Male,MOZ_S032,EPC Palmeira,Sofala,Cidade da Beira,Cidade da Beira,Beira,34.863,-19.8189,Spontaneous,School,NULL,2019-03-14,Yes,Yes,Yes,Yes,Sofala,Cidade da Beira,Cidade da Beira,Beira,Yes,Lack of food,Between 2 and 1 month,93,115,n/a,NULL,NULL,NULL,Nobody (around 0%),Nobody (around 0%),Nobody (around 0%),Mosquito nets,"Items for sleeping (mats, blankets,..)",Hygiene products (for personal hygiene),"Mosquito nets, Items for sleeping (mats, blankets,..), Hygiene products (for personal hygiene)",There is no market or access to market from the site,NULL,Water sources from FIPAG,Public tap/Standpipe,A few (around 25%),Everyone (around 100%),Everyone (around 100%),A few (around 25%),Hanging toilet / hanging latrine,Nobody (around 0%),Nobody (around 0%),A few (around 25%),Walking,No,Do not have enough money/Prices are too high,NULL,More than 30 minutes,No medicines available in healthcare center,Yes,At health facility,Yes,Most (around 75%),Nobody (around 0%),A few (around 25%),None (around 0%),A few (around 25%),None (around 0%),A few (around 25%),Most (around 75%),None (around 0%),No,Do not know/No answer,VULNERABILITIES AND NEEDS,WASH,SHELTER,FOOD,HEALTH,EDUCATION,PROTECTION,RETURN
2019-04-06,2,n/a,Female,MOZ_S034,IFP Inhamizua,Sofala,Cidade da Beira,Cidade da Beira,Inhamizua,34.81,-19.725,Planned,Temporary Relocation Site,NULL,2019-04-05,Yes,Unknown,Yes,Yes,Sofala,Cidade da Beira,Cidade da Beira,Inhamizua,Do not know/No answer,Lack of food,More than 3 months,93,374,n/a,Lighting,Sanitation,Food,Do not know/No answer,Everyone (around 100%),Nobody (around 0%),Mosquito nets,Cooking items (pots/pans),Hygiene products (for personal hygiene),"Mosquito nets, Cooking items (pots/pans), Hygiene products (for personal hygiene)","Items are sold, and there is access to the market, but items are too expensive/people do not have enough money",NULL,Water sources from FIPAG,Public tap/Standpipe,Everyone (around 100%),A few (around 25%),A few (around 25%),Nobody (around 0%),Pit latrine without slab / open pit,Nobody (around 0%),Everyone (around 100%),Do not know/No answer,Walking,Yes,NULL,NULL,Do not know/No answer,Nothing is preventing people,No,Do not know/No answer,Yes,Do not know/No answer,Do not know/No answer,Do not know/No answer,Most (around 75%),About half (around 50%),About half (around 50%),Most (around 75%),About half (around 50%),About half (around 50%),No,Do not know/No answer,VULNERABILITIES AND NEEDS,WASH,SHELTER,FOOD,HEALTH,EDUCATION,PROTECTION,RETURN
2019-04-02,2,n/a,Female,MOZ_S035,Picoco,Sofala,Cidade da Beira,Cidade da Beira,Estoril,34.824,-19.733,Planned,Temporary Relocation Site,Camp,2019-03-28,Yes,Yes,Yes,Yes,Sofala,Cidade da Beira,Cidade da Beira,Estoril,Yes,House damaged/destroyed,Between 2 and 1 month,704,3160,n/a,Latrines,Lighting,Disposal system in place,Do not know/No answer,Do not know/No answer,Do not know/No answer,Mosquito nets,Cooking items (pots/pans),Cooking stoves,"Mosquito nets, Cooking items (pots/pans), Cooking stoves",Other,No money,Water sources from FIPAG,Water sources from FIPAG,Everyone (around 100%),Everyone (around 100%),About half (around 50%),Everyone (around 100%),Pit latrine with slab,Nobody (around 0%),About half (around 50%),Most (around 75%),Do not know/No answer,Do not know/No answer,NULL,NULL,Up to 30 minutes,Nothing is preventing people,Do not know/No answer,At health facility,Yes,Most (around 75%),Most (around 75%),Most (around 75%),None (around 0%),About half (around 50%),None (around 0%),None (around 0%),None (around 0%),None (around 0%),Do not know/No answer,Yes,VULNERABILITIES AND NEEDS,WASH,SHELTER,FOOD,HEALTH,EDUCATION,PROTECTION,RETURN
2019-04-04,2,n/a,Male,MOZ_S037,Sao Pedro Claver,Sofala,Cidade da Beira,Cidade da Beira,Manga loforte,34.824,-19.733,Planned,Temporary Relocation Site,NULL,2019-04-06,Yes,Yes,Yes,Yes,Sofala,Cidade da Beira,Cidade da Beira,Manga loforte,Do not know/No answer,No livelihood,More than 3 months,470,814,n/a,Food,Shelter,0,Nobody (around 0%),Most (around 75%),Nobody (around 0%),Shoes and clothes,Mosquito nets,Hygiene products (for personal hygiene),"Shoes and clothes, Mosquito nets, Hygiene products (for personal hygiene)","Items are sold, and there is access to the market, but items are too expensive/people do not have enough money",NULL,Cart with small tank,Protected dug well,Everyone (around 100%),Everyone (around 100%),Everyone (around 100%),Nobody (around 0%),No facility / bush / field (aggregate/adapt to the context as needed),A few (around 25%),Nobody (around 0%),A few (around 25%),Walking,Yes,NULL,NULL,Up to 30 minutes,Nothing is preventing people,Yes,At health facility,No,Most (around 75%),About half (around 50%),Most (around 75%),None (around 0%),None (around 0%),None (around 0%),None (around 0%),None (around 0%),None (around 0%),No,Yes,VULNERABILITIES AND NEEDS,WASH,SHELTER,FOOD,HEALTH,EDUCATION,PROTECTION,RETURN
2019-04-02,2,n/a,Female,MOZ_S038,IFAPA 1,Sofala,Cidade da Beira,Cidade da Beira,Manga aeroporto,34.903,-19.806,Planned,Temporary Relocation Site,NULL,2019-03-24,Yes,Yes,Yes,Yes,Sofala,Cidade da Beira,Cidade da Beira,Manga-aeroporto,No,House damaged/destroyed,Between 2 and 1 month,340,1708,n/a,Sanitation,Hygiene product,Cobertores,Nobody (around 0%),Most (around 75%),A few (around 25%),Closed containers to transport and /or store water,"Items for sleeping (mats, blankets,..)",Soap/detergent for washing clothes,"Closed containers to transport and /or store water, Items for sleeping (mats, blankets,..), Soap/detergent for washing clothes",Other,No money,Water sources from FIPAG,Water sources from FIPAG,Everyone (around 100%),Everyone (around 100%),Everyone (around 100%),Everyone (around 100%),Pit latrine without slab / open pit,Nobody (around 0%),Nobody (around 0%),Nobody (around 0%),Do not know/No answer,Do not know/No answer,NULL,NULL,Up to 30 minutes,Nothing is preventing people,Yes,Do not know/No answer,Yes,Everyone (around 100%),Everyone (around 100%),Everyone (around 100%),About half (around 50%),All (100%),None (around 0%),None (around 0%),None (around 0%),None (around 0%),Do not know/No answer,Yes,VULNERABILITIES AND NEEDS,WASH,SHELTER,FOOD,HEALTH,EDUCATION,PROTECTION,RETURN
2019-04-05,2,n/a,Male,MOZ_S041,Igreja Adventista,Sofala,Cidade da Beira,Cidade da Beira,Manga loforte,34.880915,-19.834841,Spontaneous,Community Center,Church,NULL,No,No Answer,Yes,Yes,Sofala,Cidade da Beira,Cidade da Beira,Manga loforte,Yes,House damaged/destroyed,Between 2 and 1 month,28,104,n/a,Food,Health,Shelters,Do not know/No answer,About half (around 50%),A few (around 25%),Shoes and clothes,"Items for sleeping (mats, blankets,..)",Hygiene products (for personal hygiene),"Shoes and clothes, Items for sleeping (mats, blankets,..), Hygiene products (for personal hygiene)","There is access to the market, but they do not sell to us (discrimination)",NULL,Water sources from FIPAG,Public tap/Standpipe,Everyone (around 100%),Everyone (around 100%),Nobody (around 0%),Everyone (around 100%),Pit latrine without slab / open pit,Nobody (around 0%),Nobody (around 0%),Everyone (around 100%),Walking,No,Do not have enough money/Prices are too high,NULL,More than 30 minutes,Health services are only accessible during part of the day or some day,Yes,Do not know/No answer,Yes,Most (around 75%),Most (around 75%),Most (around 75%),A few (around 25%),All (100%),None (around 0%),None (around 0%),All (100%),None (around 0%),No,No,VULNERABILITIES AND NEEDS,WASH,SHELTER,FOOD,HEALTH,EDUCATION,PROTECTION,RETURN
2019-04-11,2,n/a,Female,MOZ_S043,ES Samora Machel,Sofala,Cidade da Beira,Cidade Da Beira,Matacuane,34.855798,-19.831292,Planned,Temporary Relocation Site,NULL,2019-04-10,No,Yes,Yes,Yes,Sofala,Cidade Da Beira,Cidade Da Beira,Matacuane,No,House damaged/destroyed,More than 3 months,138,408,n/a,Food,Shelter,Sanitation,Most (around 75%),Do not know/No answer,Do not know/No answer,Mosquito nets,"Items for sleeping (mats, blankets,..)",Cooking items (pots/pans),"Mosquito nets, Items for sleeping (mats, blankets,..), Cooking items (pots/pans)","Items are sold, and there is access to the market, but items are too expensive/people do not have enough money",NULL,Sachet water,Sachet water,Everyone (around 100%),Everyone (around 100%),Everyone (around 100%),Nobody (around 0%),Pit latrine with slab,Nobody (around 0%),Nobody (around 0%),Most (around 75%),No access to the Market,No,Do not have enough money/Prices are too high,NULL,Up to 30 minutes,Nothing is preventing people,Yes,At health facility,Yes,Do not know/No answer,Do not know/No answer,Do not know/No answer,A few (around 25%),About half (around 50%),None (around 0%),Do not know/No answer,All (100%),None (around 0%),No,Yes,VULNERABILITIES AND NEEDS,WASH,SHELTER,FOOD,HEALTH,EDUCATION,PROTECTION,RETURN
2019-04-07,2,n/a,Male,MOZ_S050,Igreja metodista Dondo Moflor,Sofala,Dondo,Dondo,Nhamayabwe,34.738123,-19.606698,Spontaneous,Other,Church,2019-03-05,Yes,Yes,Yes,Yes,Sofala,Dondo,Dondo,Dondo Nhamayabwe,Yes,House damaged/destroyed,More than 3 months,30,162,n/a,Food,Sanitation,Habitation,Do not know/No answer,A few (around 25%),A few (around 25%),Closed containers to transport and /or store water,"Items for sleeping (mats, blankets,..)",Hygiene products (for personal hygiene),"Closed containers to transport and /or store water, Items for sleeping (mats, blankets,..), Hygiene products (for personal hygiene)","Items are sold, and there is access to the market, but items are too expensive/people do not have enough money",NULL,Tube well/Borehole,Tube well/Borehole,A few (around 25%),A few (around 25%),A few (around 25%),Nobody (around 0%),Pit latrine without slab / open pit,Nobody (around 0%),Nobody (around 0%),A few (around 25%),Walking,Yes,NULL,NULL,More than 30 minutes,Nothing is preventing people,Yes,At health facility,Yes,Nobody (around 0%),Everyone (around 100%),Everyone (around 100%),A few (around 25%),About half (around 50%),None (around 0%),None (around 0%),None (around 0%),None (around 0%),No,Yes,VULNERABILITIES AND NEEDS,WASH,SHELTER,FOOD,HEALTH,EDUCATION,PROTECTION,RETURN
2019-04-06,2,n/a,Male,MOZ_S051,Testemunha de jeova,Sofala,Dondo,Dondo,Mutua,34.598308,-19.500842,Spontaneous,Other,Church,2019-03-15,Yes,No,Yes,Yes,Sofala,Dondo,Dondo,Mutua,Yes,House damaged/destroyed,More than 3 months,93,328,n/a,Food,Seeds,Habitation,Do not know/No answer,About half (around 50%),Nobody (around 0%),Closed containers to transport and /or store water,"Items for sleeping (mats, blankets,..)",Cooking items (pots/pans),"Closed containers to transport and /or store water, Items for sleeping (mats, blankets,..), Cooking items (pots/pans)","Items are sold, and there is access to the market, but items are too expensive/people do not have enough money",NULL,Water sources from FIPAG,Water sources from FIPAG,Most (around 75%),Most (around 75%),Everyone (around 100%),Everyone (around 100%),Pit latrine without slab / open pit,Nobody (around 0%),Nobody (around 0%),Everyone (around 100%),Walking,Yes,NULL,NULL,Up to 30 minutes,Health services are only accessible during part of the day or some day,Yes,At health facility,Yes,A few (around 25%),A few (around 25%),A few (around 25%),None (around 0%),A few (around 25%),None (around 0%),None (around 0%),Most (around 75%),None (around 0%),No,No,VULNERABILITIES AND NEEDS,WASH,SHELTER,FOOD,HEALTH,EDUCATION,PROTECTION,RETURN
2019-04-02,2,n/a,Male,MOZ_S053,Samora machel,Sofala,Dondo,Dondo,Bairro samora machel,34.722026,-19.576157,Spontaneous,Other,Camp,2019-03-20,No,Yes,Yes,Yes,Sofala,Dondo,Dondo,Bairro samora machel,Yes,House damaged/destroyed,Less than 1 week,371,1866,n/a,Food,Shelter,Health,A few (around 25%),A few (around 25%),A few (around 25%),Closed containers to transport and /or store water,Cooking stoves,Soap/detergent for washing clothes,"Closed containers to transport and /or store water, Cooking stoves, Soap/detergent for washing clothes",Other,There's Nothing,Water sources from FIPAG,Water sources from FIPAG,Everyone (around 100%),Everyone (around 100%),Everyone (around 100%),Everyone (around 100%),Pit latrine without slab / open pit,Everyone (around 100%),Everyone (around 100%),Nobody (around 0%),Walking,Yes,NULL,NULL,Up to 30 minutes,Health services are only accessible during part of the day or some day,Yes,At health facility,Yes,Nobody (around 0%),Most (around 75%),Most (around 75%),None (around 0%),All (100%),None (around 0%),None (around 0%),None (around 0%),All (100%),No,Yes,VULNERABILITIES AND NEEDS,WASH,SHELTER,FOOD,HEALTH,EDUCATION,PROTECTION,RETURN
2019-04-04,2,n/a,Male,MOZ_S054,Salao do reino das testemunhas de jeova,Sofala,Dondo,Mafambisse,NULL,34.598545,-19.501132,Spontaneous,Community Center,NULL,2019-03-16,No,No,Yes,Yes,Sofala,Dondo,Mafambisse,NULL,Yes,House damaged/destroyed,Between 1 and 2 weeks,98,332,n/a,Food,Health,Building materials,Nobody (around 0%),Most (around 75%),Nobody (around 0%),Closed containers to transport and /or store water,Hygiene products (for personal hygiene),Soap/detergent for washing clothes,"Closed containers to transport and /or store water, Hygiene products (for personal hygiene), Soap/detergent for washing clothes","There is access to the market, but these items are not sold on the market/rarely available",NULL,Rainwater,Public tap/Standpipe,Most (around 75%),Everyone (around 100%),Most (around 75%),A few (around 25%),Pit latrine without slab / open pit,Nobody (around 0%),A few (around 25%),Everyone (around 100%),Walking,Yes,NULL,NULL,Up to 30 minutes,Nothing is preventing people,Do not know/No answer,Do not know/No answer,Do not know/No answer,Nobody (around 0%),Nobody (around 0%),Most (around 75%),A few (around 25%),None (around 0%),A few (around 25%),None (around 0%),None (around 0%),A few (around 25%),No,No,VULNERABILITIES AND NEEDS,WASH,SHELTER,FOOD,HEALTH,EDUCATION,PROTECTION,RETURN
2019-04-03,2,n/a,Female,MOZ_S055,Epc samora machel mafambisse,Sofala,Dondo,Mafambisse,Mafambisse,34.62788,-19.53904,Spontaneous,Community Center,NULL,2019-03-15,Yes,Yes,Yes,Yes,Sofala,Dondo,Mafambisse,Mafambisse,Yes,House damaged/destroyed,Between 1 and 3 months,168,873,n/a,Blankets,Clothes,School,A few (around 25%),Most (around 75%),Nobody (around 0%),Mosquito nets,"Items for sleeping (mats, blankets,..)",Hygiene products (for personal hygiene),"Mosquito nets, Items for sleeping (mats, blankets,..), Hygiene products (for personal hygiene)","Items are sold, and there is access to the market, but items are of bad quality",NULL,Rainwater,Tube well/Borehole,Everyone (around 100%),Everyone (around 100%),Nobody (around 0%),Nobody (around 0%),No facility / bush / field (aggregate/adapt to the context as needed),Everyone (around 100%),Nobody (around 0%),Everyone (around 100%),Walking,No,Do not have enough money/Prices are too high,NULL,Up to 30 minutes,No medicines available in healthcare center,Yes,At health facility,Yes,Nobody (around 0%),Everyone (around 100%),Do not know/No answer,None (around 0%),None (around 0%),None (around 0%),None (around 0%),None (around 0%),None (around 0%),No,Yes,VULNERABILITIES AND NEEDS,WASH,SHELTER,FOOD,HEALTH,EDUCATION,PROTECTION,RETURN
2019-04-03,2,n/a,Male,MOZ_S056,Epc chipinde,Sofala,Dondo,Mafambisse,Mafambisse,34.63558,-19.5406,Spontaneous,School,NULL,2019-03-15,Yes,Yes,Yes,Yes,Sofala,Dondo,Mafambisse,Mutua,Yes,House damaged/destroyed,Between 2 and 1 month,190,950,n/a,Shelter,School,Food,A few (around 25%),Most (around 75%),A few (around 25%),Mosquito nets,"Items for sleeping (mats, blankets,..)",Hygiene products (for personal hygiene),"Mosquito nets, Items for sleeping (mats, blankets,..), Hygiene products (for personal hygiene)","Items are sold, and there is access to the market, but items are too expensive/people do not have enough money",NULL,Water sources from FIPAG,Tube well/Borehole,Everyone (around 100%),Everyone (around 100%),Everyone (around 100%),Everyone (around 100%),Pit latrine with slab,Nobody (around 0%),Nobody (around 0%),Nobody (around 0%),Walking,Yes,NULL,NULL,Up to 30 minutes,Nothing is preventing people,Yes,At health facility,Yes,Nobody (around 0%),Most (around 75%),A few (around 25%),None (around 0%),Most (around 75%),None (around 0%),None (around 0%),All (100%),None (around 0%),No,Yes,VULNERABILITIES AND NEEDS,WASH,SHELTER,FOOD,HEALTH,EDUCATION,PROTECTION,RETURN
2019-04-06,2,n/a,Male,MOZ_S057,Escola primaria completa 12 de Outubro,Sofala,Nhamatanda,Nhamatanda,Sede nhamatanda,34.211142,-19.176622,Spontaneous,School,NULL,2019-03-15,No,No,Yes,Yes,Sofala,Nhamatanda,Nhamatanda,Sede Nhamatanda,No,House damaged/destroyed,Between 1 and 3 months,17,104,n/a,Food,Sanitation,habitation,Nobody (around 0%),Nobody (around 0%),Everyone (around 100%),Closed containers to transport and /or store water,Cooking items (pots/pans),Hygiene products (for personal hygiene),"Closed containers to transport and /or store water, Cooking items (pots/pans), Hygiene products (for personal hygiene)","Items are sold, and there is access to the market, but items are too expensive/people do not have enough money",NULL,Tube well/Borehole,Surface water,Everyone (around 100%),Everyone (around 100%),Everyone (around 100%),Nobody (around 0%),Flush to septic tank,Nobody (around 0%),Nobody (around 0%),Everyone (around 100%),Walking,Yes,NULL,NULL,Up to 30 minutes,Health services are only accessible during part of the day or some day,Yes,At health facility,Yes,About half (around 50%),Most (around 75%),Everyone (around 100%),None (around 0%),All (100%),All (100%),None (around 0%),All (100%),None (around 0%),No,No,VULNERABILITIES AND NEEDS,WASH,SHELTER,FOOD,HEALTH,EDUCATION,PROTECTION,RETURN
2019-04-07,2,n/a,Male,MOZ_S059,Igreja metodista monte siluvo,Sofala,Nhamatanda,Nhamatanda,Monte siluve,34.029868,-19.236807,Spontaneous,Other,Church,2019-03-15,Yes,Yes,Yes,Yes,Sofala,Nhamatanda,Nhamatanda,Monte siluvo,Yes,House damaged/destroyed,More than 3 months,20,102,n/a,Food,Shelter,Clothes,Nobody (around 0%),A few (around 25%),A few (around 25%),Closed containers to transport and /or store water,"Items for sleeping (mats, blankets,..)",Hygiene products (for personal hygiene),"Closed containers to transport and /or store water, Items for sleeping (mats, blankets,..), Hygiene products (for personal hygiene)","Items are sold, and there is access to the market, but items are too expensive/people do not have enough money",NULL,Tube well/Borehole,Tube well/Borehole,About half (around 50%),About half (around 50%),Everyone (around 100%),Nobody (around 0%),Pit latrine without slab / open pit,A few (around 25%),Everyone (around 100%),Everyone (around 100%),Walking,Not most people,Do not have enough money/Prices are too high,NULL,Up to 30 minutes,No medicines available in healthcare center,Yes,At health facility,Yes,A few (around 25%),About half (around 50%),Most (around 75%),A few (around 25%),Most (around 75%),None (around 0%),None (around 0%),A few (around 25%),None (around 0%),No,Yes,VULNERABILITIES AND NEEDS,WASH,SHELTER,FOOD,HEALTH,EDUCATION,PROTECTION,RETURN
2019-04-03,2,n/a,Female,MOZ_S062,Vila sede,Sofala,Nhamatanda,Nhamatanda,Tica,34.43738,-19.40629,Spontaneous,Other,NULL,2019-03-28,Yes,Yes,Yes,Yes,Sofala,Nhamatanda,Nhamatanda,Vila sede,Yes,House damaged/destroyed,Between 1 and 3 months,2697,13779,n/a,Food,Health,Shelters,Do not know/No answer,Do not know/No answer,Do not know/No answer,Shoes and clothes,"Items for sleeping (mats, blankets,..)",Cooking items (pots/pans),"Shoes and clothes, Items for sleeping (mats, blankets,..), Cooking items (pots/pans)","Items are sold, and there is access to the market, but items are too expensive/people do not have enough money",NULL,Tanker-Truck,Tanker-Truck,A few (around 25%),A few (around 25%),Everyone (around 100%),Nobody (around 0%),Pit latrine with slab,Do not know/No answer,Nobody (around 0%),About half (around 50%),Walking,Yes,NULL,NULL,Do not know/No answer,Nothing is preventing people,Yes,At health facility,Yes,Do not know/No answer,Do not know/No answer,Do not know/No answer,About half (around 50%),About half (around 50%),None (around 0%),None (around 0%),About half (around 50%),None (around 0%),No,Yes,VULNERABILITIES AND NEEDS,WASH,SHELTER,FOOD,HEALTH,EDUCATION,PROTECTION,RETURN
2019-04-04,2,n/a,Female,MOZ_S063,Escola secundária geral de Metuchira,Sofala,Nhamatanda,Nhamatanda,NULL,34.209925,-19.174427,Spontaneous,School,NULL,2019-03-14,Yes,No,Yes,Yes,Sofala,Nhamatanda,Nhamatanda,NULL,Yes,Basic infrastructures damaged/flooded,Between 1 and 2 weeks,60,230,n/a,Food,Shelter,Cloths,Nobody (around 0%),Nobody (around 0%),Everyone (around 100%),Shoes and clothes,Mosquito nets,"Items for sleeping (mats, blankets,..)","Shoes and clothes, Mosquito nets, Items for sleeping (mats, blankets,..)",There is no market or access to market from the site,NULL,Tube well/Borehole,Public tap/Standpipe,A few (around 25%),A few (around 25%),A few (around 25%),Nobody (around 0%),Flush to septic tank,Nobody (around 0%),A few (around 25%),About half (around 50%),Walking,No,Do not have enough money/Prices are too high,NULL,Up to 30 minutes,There are no reachable health services,Yes,At health facility,Yes,Nobody (around 0%),A few (around 25%),Most (around 75%),Most (around 75%),All (100%),About half (around 50%),Do not know/No answer,All (100%),About half (around 50%),No,Yes,VULNERABILITIES AND NEEDS,WASH,SHELTER,FOOD,HEALTH,EDUCATION,PROTECTION,RETURN
2019-04-06,2,n/a,Male,MOZ_S064,Otcha_Otcha,Sofala,Nhamatanda,Tica,Nhamatanda,34.440496,-19.411268,Spontaneous,Community Center,NULL,2019-03-15,Yes,Yes,Yes,Yes,Sofala,Nhamatanda,Tica,Nhamatanda,Yes,No livelihood,More than 3 months,786,2380,n/a,Food,Shelter,household items,Nobody (around 0%),Most (around 75%),Nobody (around 0%),Mosquito nets,"Items for sleeping (mats, blankets,..)",Soap/detergent for washing clothes,"Mosquito nets, Items for sleeping (mats, blankets,..), Soap/detergent for washing clothes","Items are sold, and there is access to the market, but items are too expensive/people do not have enough money",NULL,Sachet water,Sachet water,Everyone (around 100%),Everyone (around 100%),Most (around 75%),Nobody (around 0%),Pit latrine without slab / open pit,Nobody (around 0%),Nobody (around 0%),Everyone (around 100%),Walking,No,Do not have enough money/Prices are too high,NULL,More than 30 minutes,Cost/Money,Only sometimes/Part of the time,At health facility,No,Most (around 75%),Most (around 75%),A few (around 25%),None (around 0%),A few (around 25%),None (around 0%),None (around 0%),A few (around 25%),None (around 0%),Yes,No,VULNERABILITIES AND NEEDS,WASH,SHELTER,FOOD,HEALTH,EDUCATION,PROTECTION,RETURN
2019-04-03,2,n/a,Male,MOZ_S066,Jhon segredo,Sofala,Nhamatanda,Tica,Tica,34.42966,-19.39683,Spontaneous,Other,Center,2019-03-16,Yes,No,Yes,Yes,Sofala,Nhamatanda,Tica,Tica,Yes,House damaged/destroyed,More than 3 months,826,4130,n/a,Food,Health,School,Nobody (around 0%),Everyone (around 100%),Nobody (around 0%),"Items for sleeping (mats, blankets,..)",Cooking items (pots/pans),Soap/detergent for washing clothes,"Items for sleeping (mats, blankets,..), Cooking items (pots/pans), Soap/detergent for washing clothes",There is no market or access to market from the site,NULL,Tube well/Borehole,Surface water,Everyone (around 100%),Most (around 75%),Nobody (around 0%),Most (around 75%),No facility / bush / field (aggregate/adapt to the context as needed),Do not know/No answer,Everyone (around 100%),Everyone (around 100%),Walking,Yes,NULL,NULL,There is no reachable health facility,There are no reachable health services,No,At health facility,Yes,Nobody (around 0%),Most (around 75%),Most (around 75%),None (around 0%),Most (around 75%),None (around 0%),None (around 0%),None (around 0%),None (around 0%),No,No,VULNERABILITIES AND NEEDS,WASH,SHELTER,FOOD,HEALTH,EDUCATION,PROTECTION,RETURN
2019-04-04,2,n/a,Female,MOZ_S067,Centro de acomodação Muda Nunes,Sofala,Nhamatanda,Tica,NULL,34.395327,-19.372997,Spontaneous,Community Center,NULL,2019-03-21,Yes,Yes,Yes,Yes,Sofala,Nhamatanda,Tica,NULL,Yes,House damaged/destroyed,More than 3 months,2250,11250,n/a,Food,Water,Cloths,A few (around 25%),Most (around 75%),Nobody (around 0%),Shoes and clothes,Mosquito nets,"Items for sleeping (mats, blankets,..)","Shoes and clothes, Mosquito nets, Items for sleeping (mats, blankets,..)","Items are sold, and there is access to the market, but items are too expensive/people do not have enough money",NULL,Public tap/Standpipe,Public tap/Standpipe,Everyone (around 100%),Everyone (around 100%),About half (around 50%),About half (around 50%),No facility / bush / field (aggregate/adapt to the context as needed),A few (around 25%),A few (around 25%),Nobody (around 0%),Walking,Not most people,Do not have enough money/Prices are too high,NULL,Do not know/No answer,Nothing is preventing people,Yes,At health facility,No,A few (around 25%),A few (around 25%),A few (around 25%),Do not know/No answer,Do not know/No answer,None (around 0%),None (around 0%),None (around 0%),Do not know/No answer,Yes,Yes,VULNERABILITIES AND NEEDS,WASH,SHELTER,FOOD,HEALTH,EDUCATION,PROTECTION,RETURN
2019-04-10,2,n/a,Female,MOZ_S068,Inchope Sede,Manica,Gondola,Inchope,Inchope,33.914002,-19.204392,Planned,Community Center,NULL,2019-03-16,Yes,No,Yes,Yes,Manica,Gondola,Inchope,Inchope,Yes,House damaged/destroyed,Between 1 and 3 months,33,134,n/a,Food,Shelter kit,clothes,Nobody (around 0%),Everyone (around 100%),Nobody (around 0%),Mosquito nets,Cooking items (pots/pans),Soap/detergent for washing clothes,"Mosquito nets, Cooking items (pots/pans), Soap/detergent for washing clothes",There is no market or access to market from the site,NULL,Tube well/Borehole,Tube well/Borehole,A few (around 25%),About half (around 50%),Everyone (around 100%),Nobody (around 0%),Pit latrine without slab / open pit,Nobody (around 0%),Nobody (around 0%),A few (around 25%),Walking,Not most people,Do not have enough money/Prices are too high,NULL,Up to 30 minutes,Nothing is preventing people,Yes,At health facility,Yes,Nobody (around 0%),About half (around 50%),Everyone (around 100%),None (around 0%),A few (around 25%),None (around 0%),None (around 0%),A few (around 25%),None (around 0%),No,No,VULNERABILITIES AND NEEDS,WASH,SHELTER,FOOD,HEALTH,EDUCATION,PROTECTION,RETURN
2019-04-10,2,n/a,Female,MOZ_S069,E.P.C zimpinga 2,Manica,Gondola,Amatongas,Gôndola,33.850084,-19.100714,Pre Identified Site/For Relocation,School,NULL,2019-03-15,No,No,Yes,Yes,Manica,Gondola,Amatongas,Gôndola,Yes,House damaged/destroyed,Between 1 and 3 months,26,116,n/a,Food,Shelter kit,School,Nobody (around 0%),Nobody (around 0%),Nobody (around 0%),Closed containers to transport and /or store water,Shoes and clothes,Cooking items (pots/pans),"Closed containers to transport and /or store water, Shoes and clothes, Cooking items (pots/pans)","Items are sold, and there is access to the market, but items are too expensive/people do not have enough money",NULL,Tube well/Borehole,Public tap/Standpipe,About half (around 50%),Most (around 75%),Everyone (around 100%),Nobody (around 0%),Pit latrine without slab / open pit,Nobody (around 0%),Nobody (around 0%),About half (around 50%),Walking,No,Do not have enough money/Prices are too high,NULL,More than 30 minutes,Nothing is preventing people,Yes,At health facility,Yes,Nobody (around 0%),Nobody (around 0%),Everyone (around 100%),None (around 0%),All (100%),None (around 0%),None (around 0%),A few (around 25%),None (around 0%),No,No,VULNERABILITIES AND NEEDS,WASH,SHELTER,FOOD,HEALTH,EDUCATION,PROTECTION,RETURN
2019-04-11,2,n/a,Female,MOZ_S070,EPC inharongue,Sofala,Buzi,Buzi,Inharongue,34.545,-19.9618,Spontaneous,Community Center,NULL,2019-03-22,No,No,Yes,Yes,Sofala,Buzi,Buzi,Buzi-sede inharongue,Yes,Basic infrastructures damaged/flooded,More than 3 months,41,205,n/a,Food,Household items,Clothes,Everyone (around 100%),Everyone (around 100%),A few (around 25%),Mosquito nets,Cooking items (pots/pans),Hygiene products (for personal hygiene),"Mosquito nets, Cooking items (pots/pans), Hygiene products (for personal hygiene)",There is no market or access to market from the site,NULL,Piped water to neighbor,Protected dug well,Everyone (around 100%),Everyone (around 100%),A few (around 25%),Nobody (around 0%),No facility / bush / field (aggregate/adapt to the context as needed),Everyone (around 100%),Everyone (around 100%),Everyone (around 100%),Walking,No,Do not have enough money/Prices are too high,NULL,Up to 30 minutes,There are no reachable health services,Yes,At home,Yes,Nobody (around 0%),Everyone (around 100%),Everyone (around 100%),None (around 0%),None (around 0%),None (around 0%),None (around 0%),None (around 0%),None (around 0%),No,Yes,VULNERABILITIES AND NEEDS,WASH,SHELTER,FOOD,HEALTH,EDUCATION,PROTECTION,RETURN
2019-04-11,2,n/a,Female,MOZ_S071,Munamicua,Sofala,Buzi,Buzi,Buzi sede,34.54251,-19.44933,Spontaneous,Other,Camp,2019-03-22,Yes,No,Yes,Yes,Sofala,Buzi,Buzi,Posto administrativo de buzi sede inharongue,Yes,Basic infrastructures damaged/flooded,More than 3 months,39,196,n/a,Food,Household items,Clothes,Everyone (around 100%),Everyone (around 100%),A few (around 25%),Mosquito nets,Cooking items (pots/pans),Hygiene products (for personal hygiene),"Mosquito nets, Cooking items (pots/pans), Hygiene products (for personal hygiene)","Items are sold, and there is access to the market, but items are too expensive/people do not have enough money",NULL,Piped water to neighbor,Protected dug well,Everyone (around 100%),Everyone (around 100%),Nobody (around 0%),Nobody (around 0%),No facility / bush / field (aggregate/adapt to the context as needed),Everyone (around 100%),Everyone (around 100%),Everyone (around 100%),Walking,No,Do not have enough money/Prices are too high,NULL,Up to 30 minutes,There are no reachable health services,Yes,At home,Yes,Nobody (around 0%),Everyone (around 100%),Everyone (around 100%),None (around 0%),None (around 0%),None (around 0%),None (around 0%),None (around 0%),None (around 0%),No,Yes,VULNERABILITIES AND NEEDS,WASH,SHELTER,FOOD,HEALTH,EDUCATION,PROTECTION,RETURN
2019-04-11,2,n/a,Female,MOZ_S072,Círculo de interesse guara-guara,Sofala,Buzi,Buzi,NULL,34.465,-19.869444,Spontaneous,Community Center,NULL,2019-03-17,No,No Answer,Yes,Yes,Sofala,Buzi,Buzi,NULL,No,House damaged/destroyed,Between 1 and 2 weeks,57,192,n/a,Food,Household items,NULL,A few (around 25%),Most (around 75%),Do not know/No answer,"Items for sleeping (mats, blankets,..)",NULL,NULL,"Items for sleeping (mats, blankets,..), NULL, NULL",There is no market or access to market from the site,NULL,Tube well/Borehole,Public tap/Standpipe,Nobody (around 0%),Everyone (around 100%),Everyone (around 100%),Everyone (around 100%),Pit latrine with slab,Nobody (around 0%),Nobody (around 0%),Nobody (around 0%),Walking,No,Do not have enough money/Prices are too high,NULL,Up to 30 minutes,No medicines available in healthcare center,Yes,At health facility,Yes,Nobody (around 0%),Nobody (around 0%),Nobody (around 0%),None (around 0%),A few (around 25%),None (around 0%),None (around 0%),All (100%),None (around 0%),No,Yes,VULNERABILITIES AND NEEDS,WASH,SHELTER,FOOD,HEALTH,EDUCATION,PROTECTION,RETURN
2019-04-11,2,n/a,Female,MOZ_S073,Escola secundária guara-guara,Sofala,Buzi,Buzi,Buzi,34.458611,-19.863889,Spontaneous,School,NULL,2019-03-17,Yes,No Answer,Yes,Yes,Sofala,Buzi,Buzi,Bandua,No,House damaged/destroyed,Between 2 and 1 month,423,2114,n/a,Clothes,Shelter,Domestic utensil,Most (around 75%),A few (around 25%),A few (around 25%),"Items for sleeping (mats, blankets,..)",NULL,NULL,"Items for sleeping (mats, blankets,..), NULL, NULL","Items are sold, and there is access to the market, but items are too expensive/people do not have enough money",NULL,Tube well/Borehole,Public tap/Standpipe,Everyone (around 100%),Everyone (around 100%),Everyone (around 100%),About half (around 50%),Pit latrine with slab,Nobody (around 0%),Nobody (around 0%),Nobody (around 0%),Walking,No,Do not have enough money/Prices are too high,NULL,Up to 30 minutes,Nothing is preventing people,Yes,At health facility,Yes,Nobody (around 0%),Nobody (around 0%),Nobody (around 0%),None (around 0%),All (100%),None (around 0%),All (100%),All (100%),None (around 0%),No,Yes,VULNERABILITIES AND NEEDS,WASH,SHELTER,FOOD,HEALTH,EDUCATION,PROTECTION,RETURN
2019-04-11,2,n/a,Male,MOZ_S074,Landinho,Zambezia,Maganja Da Costa,Maganja,Bala,37.518433,-17.285767,Planned,Community Center,NULL,2019-03-08,Yes,Yes,Limited access (by foot only or only small means of transportation),Yes,Zambezia,Maganja Da Costa,Maganja,Bala,No,House damaged/destroyed,More than 3 months,572,2793,n/a,Food,Shelter,Health,Nobody (around 0%),Everyone (around 100%),Nobody (around 0%),Shoes and clothes,Cooking items (pots/pans),Soap/detergent for washing clothes,"Shoes and clothes, Cooking items (pots/pans), Soap/detergent for washing clothes","Items are sold, and there is access to the market, but items are too expensive/people do not have enough money",NULL,Protected dug well,Unprotected dug well,Everyone (around 100%),Everyone (around 100%),Everyone (around 100%),Everyone (around 100%),Pit latrine with slab,Nobody (around 0%),Nobody (around 0%),About half (around 50%),No access to the Market,Do not know/No answer,NULL,NULL,More than 30 minutes,Nothing is preventing people,Yes,At health facility,Yes,Nobody (around 0%),Most (around 75%),Most (around 75%),None (around 0%),None (around 0%),None (around 0%),None (around 0%),None (around 0%),None (around 0%),No,No,VULNERABILITIES AND NEEDS,WASH,SHELTER,FOOD,HEALTH,EDUCATION,PROTECTION,RETURN
2019-04-10,2,n/a,Male,MOZ_S075,Dugudiua,Zambezia,Nicoadala,Nicoadala,Nocoadala-sede,36.8242,-17.5018,Pre Identified Site/For Relocation,Community Center,NULL,2019-03-09,Yes,Yes,Yes,Yes,Zambezia,Nicoadala,Nicoadala,Namacata,No,House damaged/destroyed,More than 3 months,203,1035,n/a,Blankets,Household items,Shelters,Everyone (around 100%),Nobody (around 0%),Nobody (around 0%),Mosquito nets,"Items for sleeping (mats, blankets,..)",Hygiene products (for personal hygiene),"Mosquito nets, Items for sleeping (mats, blankets,..), Hygiene products (for personal hygiene)",There is no market or access to market from the site,NULL,Tube well/Borehole,Tube well/Borehole,Everyone (around 100%),Everyone (around 100%),Most (around 75%),Do not know/No answer,Pit latrine with slab,Nobody (around 0%),A few (around 25%),Everyone (around 100%),Walking,No,Do not have enough money/Prices are too high,NULL,Up to 30 minutes,Nothing is preventing people,Only sometimes/Part of the time,At home,No,Nobody (around 0%),Nobody (around 0%),Most (around 75%),None (around 0%),A few (around 25%),None (around 0%),None (around 0%),None (around 0%),A few (around 25%),No,Yes,VULNERABILITIES AND NEEDS,WASH,SHELTER,FOOD,HEALTH,EDUCATION,PROTECTION,RETURN
2019-04-11,2,n/a,Male,MOZ_S076,Namitangurini,Zambezia,Nicoadala,Nicoadala,Sede munhonha,36.5744,-17.5735,Planned,Community Center,NULL,2019-03-11,Yes,Yes,Yes,Yes,Zambezia,Nicoadala,Nicoadala,Sede munhonha,Yes,House damaged/destroyed,Between 1 and 2 weeks,470,2247,n/a,Blankets,Household items,Shelters,Nobody (around 0%),Everyone (around 100%),Nobody (around 0%),"Items for sleeping (mats, blankets,..)",Cooking items (pots/pans),Soap/detergent for washing clothes,"Items for sleeping (mats, blankets,..), Cooking items (pots/pans), Soap/detergent for washing clothes",There is no market or access to market from the site,NULL,Water sources from FIPAG,Water sources from FIPAG,Everyone (around 100%),Everyone (around 100%),Everyone (around 100%),Do not know/No answer,Pit latrine without slab / open pit,Nobody (around 0%),Nobody (around 0%),Everyone (around 100%),Walking,Yes,NULL,NULL,More than 30 minutes,Nothing is preventing people,Only sometimes/Part of the time,At health facility,Yes,Nobody (around 0%),Most (around 75%),Most (around 75%),None (around 0%),None (around 0%),None (around 0%),None (around 0%),None (around 0%),None (around 0%),No,Yes,VULNERABILITIES AND NEEDS,WASH,SHELTER,FOOD,HEALTH,EDUCATION,PROTECTION,RETURN
2019-04-12,2,n/a,Male,MOZ_S077,Nkganzo,Tete,Mutarara,Nhamayabue,Tete,35.003149,-17.054337,Pre Identified Site/For Relocation,Community Center,NULL,2019-03-16,Yes,Yes,Yes,Yes,Tete,Mutarara,Nhamayabue,Tete,Yes,Basic infrastructures damaged/flooded,Between 1 and 2 weeks,82,417,n/a,Shelter,Hygiene product,Mosquito rede,Nobody (around 0%),Most (around 75%),Nobody (around 0%),Shoes and clothes,Hygiene products (for personal hygiene),Soap/detergent for washing clothes,"Shoes and clothes, Hygiene products (for personal hygiene), Soap/detergent for washing clothes","Items are sold, and there is access to the market, but items are too expensive/people do not have enough money",NULL,Unprotected dug well,Unprotected dug well,Everyone (around 100%),Everyone (around 100%),Everyone (around 100%),Nobody (around 0%),Pit latrine without slab / open pit,Nobody (around 0%),Nobody (around 0%),A few (around 25%),Walking,Yes,NULL,NULL,Up to 30 minutes,Nothing is preventing people,Yes,Do not know/No answer,Do not know/No answer,Nobody (around 0%),Most (around 75%),Most (around 75%),None (around 0%),None (around 0%),None (around 0%),None (around 0%),None (around 0%),None (around 0%),No,No,VULNERABILITIES AND NEEDS,WASH,SHELTER,FOOD,HEALTH,EDUCATION,PROTECTION,RETURN
2019-04-10,2,n/a,Male,MOZ_S078,Escola industrial de matundo,Tete,Cidade De Tete,Cidade De Tete,Sede,33.602263,-16.137393,Planned,School,NULL,2019-03-21,Yes,Yes,Yes,Yes,Tete,Cidade De Tete,Cidade De Tete,Tete,Yes,Basic infrastructures damaged/flooded,Between 1 and 2 weeks,109,593,n/a,Food,Shelter,Blanlcets,Nobody (around 0%),Nobody (around 0%),Everyone (around 100%),Shoes and clothes,Mosquito nets,Hygiene products (for personal hygiene),"Shoes and clothes, Mosquito nets, Hygiene products (for personal hygiene)","Items are sold, and there is access to the market, but items are too expensive/people do not have enough money",NULL,Piped water to neighbor,Piped water to neighbor,Everyone (around 100%),Everyone (around 100%),Everyone (around 100%),Most (around 75%),Flush to piped sewer system,Nobody (around 0%),Nobody (around 0%),A few (around 25%),Walking,Yes,NULL,NULL,Up to 30 minutes,Nothing is preventing people,Yes,At health facility,Yes,Nobody (around 0%),Everyone (around 100%),Everyone (around 100%),A few (around 25%),All (100%),All (100%),A few (around 25%),All (100%),All (100%),Yes,No,VULNERABILITIES AND NEEDS,WASH,SHELTER,FOOD,HEALTH,EDUCATION,PROTECTION,RETURN
2019-04-12,2,n/a,Female,MOZ_S079,Inhanjou,Sofala,Buzi,Estaquinha,Buzi,34.499,-19.9613,Spontaneous,Other,Camp,2019-03-22,No,No,Yes,Yes,Sofala,Buzi,Estaquinha,Buzi,Yes,Basic infrastructures damaged/flooded,Between 2 and 1 month,275,1235,n/a,Food,Household items,Shelters,Everyone (around 100%),Everyone (around 100%),Nobody (around 0%),Mosquito nets,"Items for sleeping (mats, blankets,..)",Cooking items (pots/pans),"Mosquito nets, Items for sleeping (mats, blankets,..), Cooking items (pots/pans)","Items are sold, and there is access to the market, but items are too expensive/people do not have enough money",NULL,Protected dug well,Protected dug well,Everyone (around 100%),Everyone (around 100%),Everyone (around 100%),Nobody (around 0%),Pit latrine with slab,Nobody (around 0%),Nobody (around 0%),Everyone (around 100%),Walking,No,Do not have enough money/Prices are too high,NULL,Up to 30 minutes,Nothing is preventing people,Yes,At health facility,Yes,Nobody (around 0%),Everyone (around 100%),Most (around 75%),None (around 0%),All (100%),None (around 0%),None (around 0%),None (around 0%),All (100%),No,Yes,VULNERABILITIES AND NEEDS,WASH,SHELTER,FOOD,HEALTH,EDUCATION,PROTECTION,RETURN
2019-04-12,2,n/a,Female,MOZ_S080,Degaja,Sofala,Buzi,Estaquinha,Buzi,34.2915,-19.9573,Spontaneous,Other,Church,2019-03-20,No,No,Yes,Yes,Sofala,Buzi,Estaquinha,Buzi,Yes,Basic infrastructures damaged/flooded,Between 2 and 1 month,164,820,n/a,Food,Shelter,House,Everyone (around 100%),Everyone (around 100%),A few (around 25%),Shoes and clothes,Mosquito nets,Hygiene products (for personal hygiene),"Shoes and clothes, Mosquito nets, Hygiene products (for personal hygiene)",There is no market or access to market from the site,NULL,Protected dug well,Protected dug well,Most (around 75%),Most (around 75%),Everyone (around 100%),Nobody (around 0%),Pit latrine with slab,Nobody (around 0%),Nobody (around 0%),Everyone (around 100%),Walking,No,There is no market nearby,NULL,Up to 30 minutes,Nothing is preventing people,Yes,At health facility,Yes,Nobody (around 0%),Everyone (around 100%),Most (around 75%),None (around 0%),All (100%),None (around 0%),None (around 0%),All (100%),None (around 0%),No,Yes,VULNERABILITIES AND NEEDS,WASH,SHELTER,FOOD,HEALTH,EDUCATION,PROTECTION,RETURN
2019-04-11,2,n/a,Male,MOZ_S081,Escola secundaria geral de bandua,Sofala,Buzi,Buzi,Buzi sede,34.855807,-19.832013,Spontaneous,School,NULL,2019-03-15,No,No,Yes,Yes,Sofala,Buzi,Buzi,Buzi sede localidade bandua,Yes,Basic infrastructures damaged/flooded,Less than 1 week,94,466,n/a,Food,Shelter,Health care,Nobody (around 0%),Nobody (around 0%),Everyone (around 100%),Shoes and clothes,Cooking items (pots/pans),Hygiene products (for personal hygiene),"Shoes and clothes, Cooking items (pots/pans), Hygiene products (for personal hygiene)","Items are sold, and there is access to the market, but items are too expensive/people do not have enough money",NULL,Unprotected dug well,Surface water,Everyone (around 100%),Everyone (around 100%),Everyone (around 100%),Nobody (around 0%),Flush to septic tank,Nobody (around 0%),Nobody (around 0%),Everyone (around 100%),Walking,Do not know/No answer,NULL,NULL,Up to 30 minutes,Nothing is preventing people,Yes,At health facility,Yes,Nobody (around 0%),Nobody (around 0%),Do not know/No answer,None (around 0%),All (100%),None (around 0%),None (around 0%),None (around 0%),Do not know/No answer,No,Yes,VULNERABILITIES AND NEEDS,WASH,SHELTER,FOOD,HEALTH,EDUCATION,PROTECTION,RETURN
2019-04-11,2,n/a,Male,MOZ_S082,EPC de. Bandua,Sofala,Buzi,Buzi,Buzi sede,34.4163,-19.9679,Spontaneous,School,NULL,2019-03-15,No,No,Yes,Yes,Sofala,Buzi,Buzi,Buzi sede  localidade de bandua,Yes,No livelihood,Between 2 and 1 month,125,622,n/a,Food,Shelter,agricultural input,Everyone (around 100%),Everyone (around 100%),A few (around 25%),Shoes and clothes,"Items for sleeping (mats, blankets,..)",Cooking items (pots/pans),"Shoes and clothes, Items for sleeping (mats, blankets,..), Cooking items (pots/pans)","Items are sold, and there is access to the market, but items are too expensive/people do not have enough money",NULL,Public tap/Standpipe,Public tap/Standpipe,Everyone (around 100%),Everyone (around 100%),A few (around 25%),Do not know/No answer,Pit latrine with slab,Nobody (around 0%),Do not know/No answer,Nobody (around 0%),Walking,No,Do not have enough money/Prices are too high,NULL,Up to 30 minutes,Nothing is preventing people,Yes,At health facility,Yes,Nobody (around 0%),Everyone (around 100%),Most (around 75%),None (around 0%),All (100%),None (around 0%),None (around 0%),All (100%),None (around 0%),No,Yes,VULNERABILITIES AND NEEDS,WASH,SHELTER,FOOD,HEALTH,EDUCATION,PROTECTION,RETURN
2019-04-11,2,n/a,Female,MOZ_S083,Tribuna guara_guara,Sofala,Buzi,Buzi,Buzi sede guara_guara,34.41752,-19.61966,Spontaneous,School,NULL,2019-03-17,No Answer,No Answer,Yes,Yes,Sofala,Buzi,Buzi,Localidade de guara_ guara,No,House damaged/destroyed,More than 3 months,139,666,n/a,Domestic utensil,Food,agricultural product,A few (around 25%),Most (around 75%),Do not know/No answer,"Items for sleeping (mats, blankets,..)",Cooking items (pots/pans),Hygiene products (for personal hygiene),"Items for sleeping (mats, blankets,..), Cooking items (pots/pans), Hygiene products (for personal hygiene)",There is no market or access to market from the site,NULL,Tube well/Borehole,Public tap/Standpipe,Everyone (around 100%),Everyone (around 100%),Everyone (around 100%),A few (around 25%),Pit latrine with slab,Nobody (around 0%),Nobody (around 0%),Nobody (around 0%),Walking,No,Do not have enough money/Prices are too high,NULL,Up to 30 minutes,Nothing is preventing people,Yes,At health facility,Yes,Nobody (around 0%),Nobody (around 0%),Nobody (around 0%),None (around 0%),All (100%),None (around 0%),None (around 0%),All (100%),None (around 0%),No,Yes,VULNERABILITIES AND NEEDS,WASH,SHELTER,FOOD,HEALTH,EDUCATION,PROTECTION,RETURN
2019-04-10,2,n/a,Male,MOZ_S084,Mussaia,Zambezia,Maganja Da Costa,Nante,Nante,37.346567,-17.4119,Planned,Community Center,NULL,2019-04-02,Yes,Yes,Yes,Yes,Zambezia,Maganja Da Costa,Nante,Nante baixo licungo,Yes,Basic infrastructures damaged/flooded,Between 2 and 1 month,360,1936,n/a,Food,Household items,mosquito nets,Nobody (around 0%),Everyone (around 100%),Nobody (around 0%),Mosquito nets,"Items for sleeping (mats, blankets,..)",Soap/detergent for washing clothes,"Mosquito nets, Items for sleeping (mats, blankets,..), Soap/detergent for washing clothes","Items are sold, and there is access to the market, but items are too expensive/people do not have enough money",NULL,Unprotected dug well,Unprotected dug well,Everyone (around 100%),Everyone (around 100%),Everyone (around 100%),Everyone (around 100%),Pit latrine with slab,Nobody (around 0%),Nobody (around 0%),Most (around 75%),No access to the Market,Not most people,Do not have enough money/Prices are too high,NULL,More than 30 minutes,Nothing is preventing people,Yes,At home,Yes,Nobody (around 0%),Most (around 75%),Most (around 75%),None (around 0%),A few (around 25%),None (around 0%),None (around 0%),A few (around 25%),None (around 0%),No,Yes,VULNERABILITIES AND NEEDS,WASH,SHELTER,FOOD,HEALTH,EDUCATION,PROTECTION,RETURN
2019-04-11,2,n/a,Male,MOZ_S085,Vila valdez peirerao,Zambezia,Maganja Da Costa,Nante,Nante,37.3465,-17.4119,Planned,Community Center,NULL,2019-04-02,Yes,Yes,Limited access (by foot only or only small means of transportation),Yes,Zambezia,Maganja Da Costa,Nante,Baixo licungo nomiua,No,House damaged/destroyed,More than 3 months,754,3790,n/a,Food,Clothes,family tents,Nobody (around 0%),Everyone (around 100%),Nobody (around 0%),Mosquito nets,"Items for sleeping (mats, blankets,..)",Cooking items (pots/pans),"Mosquito nets, Items for sleeping (mats, blankets,..), Cooking items (pots/pans)","Items are sold, and there is access to the market, but items are too expensive/people do not have enough money",NULL,Unprotected dug well,Unprotected dug well,Everyone (around 100%),Everyone (around 100%),Everyone (around 100%),A few (around 25%),Pit latrine with slab,Nobody (around 0%),Nobody (around 0%),A few (around 25%),Private Car/Bikes,No,Do not have enough money/Prices are too high,NULL,More than 30 minutes,Nothing is preventing people,Yes,At health facility,Yes,Nobody (around 0%),Most (around 75%),Most (around 75%),None (around 0%),None (around 0%),None (around 0%),None (around 0%),None (around 0%),None (around 0%),No,Do not know/No answer,VULNERABILITIES AND NEEDS,WASH,SHELTER,FOOD,HEALTH,EDUCATION,PROTECTION,RETURN
2019-04-11,2,n/a,Male,MOZ_S086,Canhuengue,Tete,Mutarara,NULL,Doa canhengue,37.3979,-17.6063,Pre Identified Site/For Relocation,Community Center,NULL,2019-03-16,Yes,Yes,Yes,Yes,Tete,Mutarara,NULL,Doa canhuengue,Yes,Basic infrastructures damaged/flooded,Between 1 and 2 weeks,97,490,n/a,shelter kite,kitchen kit,hygiene kite,Nobody (around 0%),Most (around 75%),Nobody (around 0%),Mosquito nets,Hygiene products (for personal hygiene),Soap/detergent for washing clothes,"Mosquito nets, Hygiene products (for personal hygiene), Soap/detergent for washing clothes","Items are sold, and there is access to the market, but items are too expensive/people do not have enough money",NULL,Unprotected dug well,Unprotected dug well,Everyone (around 100%),Everyone (around 100%),Most (around 75%),A few (around 25%),Pit latrine without slab / open pit,Nobody (around 0%),Nobody (around 0%),A few (around 25%),Do not know/No answer,No,Do not have enough money/Prices are too high,NULL,Up to 30 minutes,Nothing is preventing people,Yes,At health facility,Yes,Nobody (around 0%),Most (around 75%),Everyone (around 100%),None (around 0%),None (around 0%),None (around 0%),None (around 0%),None (around 0%),None (around 0%),No,Do not know/No answer,VULNERABILITIES AND NEEDS,WASH,SHELTER,FOOD,HEALTH,EDUCATION,PROTECTION,RETURN
2019-04-12,2,n/a,Male,MOZ_S087,Estaquinha sede,Sofala,Buzi,Estaquinha,Estaquinha,34.149722,-19.982222,Spontaneous,School,NULL,2019-03-20,No,No,Yes,Yes,Sofala,Buzi,Estaquinha,Estaquinha sede,Yes,Basic infrastructures damaged/flooded,Between 2 and 1 month,358,1298,n/a,Food,Shelter,clothes,Nobody (around 0%),Everyone (around 100%),Most (around 75%),Shoes and clothes,"Items for sleeping (mats, blankets,..)",Cooking items (pots/pans),"Shoes and clothes, Items for sleeping (mats, blankets,..), Cooking items (pots/pans)","Items are sold, and there is access to the market, but items are too expensive/people do not have enough money",NULL,Protected spring,Protected dug well,Everyone (around 100%),Everyone (around 100%),Everyone (around 100%),Nobody (around 0%),Pit latrine with slab,Nobody (around 0%),Nobody (around 0%),Nobody (around 0%),Walking,No,Do not have enough money/Prices are too high,NULL,Up to 30 minutes,Nothing is preventing people,Yes,At health facility,Yes,Nobody (around 0%),Everyone (around 100%),Most (around 75%),None (around 0%),All (100%),None (around 0%),None (around 0%),All (100%),None (around 0%),No,Yes,VULNERABILITIES AND NEEDS,WASH,SHELTER,FOOD,HEALTH,EDUCATION,PROTECTION,RETURN
2019-04-12,2,n/a,Male,MOZ_S088,Matchemetche,Sofala,Buzi,Estaquinha,Estaquinha,34.6021,-19.8864,Spontaneous,Other,Camp,2019-03-22,No,No,Yes,Yes,Sofala,Buzi,Estaquinha,Estaquinha,Yes,Accessibility,Between 2 and 1 month,182,910,n/a,Food,Clothes,agricultural input,Everyone (around 100%),Everyone (around 100%),Nobody (around 0%),Mosquito nets,Cooking items (pots/pans),Hygiene products (for personal hygiene),"Mosquito nets, Cooking items (pots/pans), Hygiene products (for personal hygiene)",There is no market or access to market from the site,NULL,Surface water,Surface water,Nobody (around 0%),Nobody (around 0%),Everyone (around 100%),Nobody (around 0%),Pit latrine with slab,Nobody (around 0%),Nobody (around 0%),Everyone (around 100%),No access to the Market,No,There is no market nearby,NULL,Up to 30 minutes,Nothing is preventing people,Yes,At health facility,Yes,Nobody (around 0%),Everyone (around 100%),Everyone (around 100%),None (around 0%),All (100%),None (around 0%),None (around 0%),All (100%),None (around 0%),No,Yes,VULNERABILITIES AND NEEDS,WASH,SHELTER,FOOD,HEALTH,EDUCATION,PROTECTION,RETURN
2019-04-10,2,n/a,Male,MOZ_S089,EPC Guara_Guara,Sofala,Buzi,Buzi,Guara_guara,34.0344,-19.5746,Spontaneous,School,NULL,2019-03-17,Yes,No,Yes,Yes,Sofala,Buzi,Buzi,Vila sede,No,Basic infrastructures damaged/flooded,More than 3 months,37,131,n/a,Shelter,Food,pot,Nobody (around 0%),Nobody (around 0%),Everyone (around 100%),Cooking items (pots/pans),Hygiene products (for personal hygiene),NULL,"Cooking items (pots/pans), Hygiene products (for personal hygiene), NULL","Items are sold, and there is access to the market, but items are too expensive/people do not have enough money",NULL,Unprotected dug well,Unprotected dug well,Everyone (around 100%),Do not know/No answer,Everyone (around 100%),Most (around 75%),Composting toilet,Nobody (around 0%),Nobody (around 0%),Most (around 75%),Walking,Yes,NULL,NULL,Up to 30 minutes,Nothing is preventing people,Yes,At health facility,Yes,About half (around 50%),Most (around 75%),A few (around 25%),None (around 0%),All (100%),All (100%),None (around 0%),All (100%),None (around 0%),No,Yes,VULNERABILITIES AND NEEDS,WASH,SHELTER,FOOD,HEALTH,EDUCATION,PROTECTION,RETURN
2019-04-11,2,n/a,Male,MOZ_S090,Igreja catolica,Sofala,Buzi,Buzi,Guara_guara,34.47,-19.871389,Spontaneous,Other,Church,2019-03-15,Yes,No,Yes,Yes,Sofala,Buzi,Buzi,Buzi vila sede,No,House damaged/destroyed,More than 3 months,31,109,n/a,Land,Seeds,Food,Nobody (around 0%),Nobody (around 0%),Everyone (around 100%),Shoes and clothes,Mosquito nets,Cooking items (pots/pans),"Shoes and clothes, Mosquito nets, Cooking items (pots/pans)","Items are sold, and there is access to the market, but items are too expensive/people do not have enough money",NULL,Public tap/Standpipe,Protected dug well,Everyone (around 100%),Everyone (around 100%),Most (around 75%),Everyone (around 100%),Pit latrine with slab,Nobody (around 0%),Nobody (around 0%),Everyone (around 100%),Walking,Yes,NULL,NULL,Up to 30 minutes,Nothing is preventing people,No,At health facility,Yes,A few (around 25%),A few (around 25%),About half (around 50%),None (around 0%),All (100%),None (around 0%),None (around 0%),All (100%),None (around 0%),No,Yes,VULNERABILITIES AND NEEDS,WASH,SHELTER,FOOD,HEALTH,EDUCATION,PROTECTION,RETURN
2019-04-10,2,n/a,Male,MOZ_S091,Campo 11,Sofala,Buzi,Buzi,Vila sede,34.415278,-19.861389,Spontaneous,Other,Center,2019-03-23,Yes,No,Yes,Yes,Sofala,Buzi,Buzi,Vila sede,No,House damaged/destroyed,Between 1 and 2 weeks,192,843,n/a,Shelter,Seeds,Food,Nobody (around 0%),Everyone (around 100%),Nobody (around 0%),Heaters,Shoes and clothes,Mosquito nets,"Heaters, Shoes and clothes, Mosquito nets","Items are sold, and there is access to the market, but items are too expensive/people do not have enough money",NULL,Water sources from FIPAG,Public tap/Standpipe,Everyone (around 100%),Everyone (around 100%),Everyone (around 100%),Everyone (around 100%),Pit latrine with slab,Nobody (around 0%),Nobody (around 0%),Nobody (around 0%),Walking,Yes,NULL,NULL,Up to 30 minutes,Health services are only accessible during part of the day or some day,Yes,Do not know/No answer,Yes,Nobody (around 0%),Nobody (around 0%),Nobody (around 0%),None (around 0%),All (100%),Do not know/No answer,All (100%),All (100%),None (around 0%),Yes,Yes,VULNERABILITIES AND NEEDS,WASH,SHELTER,FOOD,HEALTH,EDUCATION,PROTECTION,RETURN
2019-04-11,2,n/a,Male,MOZ_S092,Panducani,Tete,Mutarara,Nhamayabue,Nhamayabue,35.003149,-17.054337,Planned,Community Center,NULL,2019-03-16,Yes,Yes,Yes,Yes,Tete,Mutarara,Nhamayabue,Nhamayabue,Yes,Basic infrastructures damaged/flooded,Between 2 and 1 month,103,508,n/a,shelter kite,blankets,treadmills,Nobody (around 0%),Everyone (around 100%),Nobody (around 0%),Mosquito nets,Cooking items (pots/pans),Hygiene products (for personal hygiene),"Mosquito nets, Cooking items (pots/pans), Hygiene products (for personal hygiene)","Items are sold, and there is access to the market, but items are too expensive/people do not have enough money",NULL,Unprotected dug well,Unprotected dug well,Most (around 75%),Most (around 75%),About half (around 50%),A few (around 25%),Pit latrine without slab / open pit,Nobody (around 0%),Nobody (around 0%),A few (around 25%),Walking,Yes,NULL,NULL,Up to 30 minutes,Nothing is preventing people,Yes,Do not know/No answer,Yes,Nobody (around 0%),Most (around 75%),Most (around 75%),None (around 0%),None (around 0%),None (around 0%),None (around 0%),A few (around 25%),None (around 0%),No,Do not know/No answer,VULNERABILITIES AND NEEDS,WASH,SHELTER,FOOD,HEALTH,EDUCATION,PROTECTION,RETURN
2019-04-16,2,n/a,Male,MOZ_S104,Sambanzo,Sofala,Muanza,Muanza,Sambanzo,34.788465,-18.90253,Spontaneous,Barangay Hall,,2019-03-14,Yes,Yes,Limited access,Limited,Sofala,Muanza,Muanza,Sambanzo,Yes,House damaged/destroyed,Less than 1 week,815,4077,n/a,Food,Shelter,Hospital,Nobody (around 0%),Everyone (around 100%),Everyone (around 100%),Closed containers to transport and /or store water,Mosquito nets,Hygiene products (for personal hygiene),"Closed containers to transport and /or store water, Mosquito nets, Hygiene products (for personal hygiene)",There is no market or access to market from the site,,Surface water,Surface water,Everyone (around 100%),Nobody (around 0%),Nobody (around 0%),Nobody (around 0%),No facility / bush / field (aggregate/adapt to the context as needed),A few (around 25%),Nobody (around 0%),About half (around 50%),Walking,No,Do not have enough money/Prices are too high,,There is no reachable health facility,There are no reachable health services,Yes,At health facility,No,A few (around 25%),A few (around 25%),A few (around 25%),None (around 0%),None (around 0%),None (around 0%),None (around 0%),None (around 0%),None (around 0%),No,Yes,VULNERABILITIES AND NEEDS,WASH,SHELTER,FOOD,HEALTH,EDUCATION,PROTECTION,RETURN
2019-04-16,2,n/a,Male,MOZ_S105,Manhandure,Manica,Sussundenga,Dombe,Dembe,33.395309,-19.97437,Spontaneous,Community Center,,2019-03-15,Yes,Yes,Limited access,Limited,Manica,Sussundenga,Dombe,Dombe,No,House damaged/destroyed,More than 3 months,104,524,n/a,Food,Shelter,Various inputs,A few (around 25%),A few (around 25%),Nobody (around 0%),Mosquito nets,"Items for sleeping (mats, blankets,..)",Hygiene products (for personal hygiene),"Mosquito nets, Items for sleeping (mats, blankets,..), Hygiene products (for personal hygiene)",There is no market or access to market from the site,,Protected dug well,Surface water,About half (around 50%),A few (around 25%),A few (around 25%),About half (around 50%),Pit latrine without slab / open pit,About half (around 50%),A few (around 25%),A few (around 25%),Walking,No,Do not have enough money/Prices are too high,,There is no reachable health facility,There are no reachable health services,No,At home,No,A few (around 25%),About half (around 50%),A few (around 25%),None (around 0%),None (around 0%),None (around 0%),None (around 0%),A few (around 25%),None (around 0%),No,Yes,VULNERABILITIES AND NEEDS,WASH,SHELTER,FOOD,HEALTH,EDUCATION,PROTECTION,RETURN
2019-04-16,2,n/a,Male,MOZ_S106,Machacuale,Manica,Sussundenga,Dombe,Dombe,33.394901,-19.974349,Spontaneous,Other,Centro Reacentamento,2019-03-14,Yes,Yes,No,Yes,Manica,Sussundenga,Dombe,Dombe,No,No livelihood,Between 1 and 3 months,38,190,n/a,Shelter,Food,Seeds,Nobody (around 0%),Everyone (around 100%),Nobody (around 0%),Mosquito nets,Cooking items (pots/pans),Hygiene products (for personal hygiene),"Mosquito nets, Cooking items (pots/pans), Hygiene products (for personal hygiene)",There is no market or access to market from the site,,Tube well/Borehole,Surface water,About half (around 50%),Most (around 75%),Everyone (around 100%),Nobody (around 0%),Pit latrine with slab,Most (around 75%),Most (around 75%),Everyone (around 100%),Walking,No,Do not have enough money/Prices are too high,,More than 30 minutes,Nothing is preventing people,Yes,At health facility,Yes,A few (around 25%),Most (around 75%),A few (around 25%),None (around 0%),A few (around 25%),None (around 0%),None (around 0%),Most (around 75%),None (around 0%),No,Yes,VULNERABILITIES AND NEEDS,WASH,SHELTER,FOOD,HEALTH,EDUCATION,PROTECTION,RETURN
2019-04-14,2,n/a,Male,MOZ_S107,Maquina Dárué,Manica,Sussundenga,Dombe,Dombe,33.395449,-19.973986,Spontaneous,Other,Centro de Reacentamento,2019-03-30,Yes,Yes,Yes,Yes,Manica,Sussundenga,Dombe,Dombe,No,No livelihood,Between 2 weeks and 1 month,157,785,n/a,Food,Seeds,Various inputs,Nobody (around 0%),About half (around 50%),Nobody (around 0%),Mosquito nets,"Items for sleeping (mats, blankets,..)",Hygiene products (for personal hygiene),"Mosquito nets, Items for sleeping (mats, blankets,..), Hygiene products (for personal hygiene)",There is no market or access to market from the site,,Rainwater,Rainwater,About half (around 50%),About half (around 50%),About half (around 50%),A few (around 25%),Pit latrine with slab,A few (around 25%),A few (around 25%),About half (around 50%),Walking,No,Do not have enough money/Prices are too high,,More than 30 minutes,Nothing is preventing people,Yes,At health facility,Yes,About half (around 50%),About half (around 50%),Most (around 75%),None (around 0%),All (100%),All (100%),None (around 0%),None (around 0%),None (around 0%),No,Yes,VULNERABILITIES AND NEEDS,WASH,SHELTER,FOOD,HEALTH,EDUCATION,PROTECTION,RETURN
2019-04-15,2,n/a,Male,MOZ_S108,Magaro,Manica,Sussundenga,Dombe,Dombe,33.39606,-19.973684,Spontaneous,Community Center,,2019-03-20,Yes,Yes,Yes,Yes,Manica,Sussundenga,Dombe,Dombe,No,Lack of safety,Between 1 and 3 months,273,1365,n/a,Food,Various inputs,Shelter,A few (around 25%),A few (around 25%),Nobody (around 0%),Mosquito nets,"Items for sleeping (mats, blankets,..)",Hygiene products (for personal hygiene),"Mosquito nets, Items for sleeping (mats, blankets,..), Hygiene products (for personal hygiene)","Items are sold, and there is access to the market, but items are too expensive/people do not have enough money",,Tube well/Borehole,Surface water,A few (around 25%),About half (around 50%),Everyone (around 100%),Nobody (around 0%),Pit latrine with slab,Nobody (around 0%),A few (around 25%),About half (around 50%),Walking,No,Do not have enough money/Prices are too high,,More than 30 minutes,Nothing is preventing people,No,At health facility,Yes,A few (around 25%),A few (around 25%),About half (around 50%),None (around 0%),All (100%),None (around 0%),None (around 0%),None (around 0%),None (around 0%),No,Yes,VULNERABILITIES AND NEEDS,WASH,SHELTER,FOOD,HEALTH,EDUCATION,PROTECTION,RETURN
2019-04-16,2,n/a,Male,MOZ_S109,Chau,Manica,Sussundenga,Dombe,Dombe,33.39719,-19.976571,Spontaneous,Community Center,,2019-03-15,Yes,Yes,Yes,Yes,Manica,Sussundenga,Dombe,Dombe,Yes,House damaged/destroyed,More than 3 months,137,737,n/a,Food,Clothes,Shelter,Nobody (around 0%),Everyone (around 100%),Nobody (around 0%),Shoes and clothes,Cooking items (pots/pans),Soap/detergent for washing clothes,"Shoes and clothes, Cooking items (pots/pans), Soap/detergent for washing clothes","Items are sold, and there is access to the market, but items are of bad quality",,Surface water,Surface water,Everyone (around 100%),Everyone (around 100%),Everyone (around 100%),Nobody (around 0%),Pit latrine with slab,About half (around 50%),Nobody (around 0%),Everyone (around 100%),Walking,No,Do not have enough money/Prices are too high,,Up to 30 minutes,Nothing is preventing people,Yes,At health facility,Yes,Nobody (around 0%),Most (around 75%),Everyone (around 100%),None (around 0%),All (100%),None (around 0%),None (around 0%),About half (around 50%),None (around 0%),No,No,VULNERABILITIES AND NEEDS,WASH,SHELTER,FOOD,HEALTH,EDUCATION,PROTECTION,RETURN
2019-04-16,2,n/a,Male,MOZ_S110,Pambanissa,Manica,Sussundenga,Dombe,dombe,33.395116,-19.974299,Spontaneous,Community Center,,2019-03-15,No,Yes,Limited access,Limited,Manica,Sussundenga,Dombe,Dombe,Yes,House damaged/destroyed,More than 3 months,62,314,n/a,Food,Seeds,Clothes,A few (around 25%),About half (around 50%),Nobody (around 0%),Shoes and clothes,Mosquito nets,Soap/detergent for washing clothes,"Shoes and clothes, Mosquito nets, Soap/detergent for washing clothes",There is no market or access to market from the site,,Unprotected dug well,Surface water,About half (around 50%),About half (around 50%),Everyone (around 100%),Nobody (around 0%),Pit latrine without slab / open pit,A few (around 25%),About half (around 50%),A few (around 25%),Walking,No,Do not have enough money/Prices are too high,,More than 30 minutes,Nothing is preventing people,Yes,At health facility,No,About half (around 50%),A few (around 25%),About half (around 50%),A few (around 25%),None (around 0%),None (around 0%),None (around 0%),None (around 0%),None (around 0%),No,Yes,VULNERABILITIES AND NEEDS,WASH,SHELTER,FOOD,HEALTH,EDUCATION,PROTECTION,RETURN
2019-04-16,2,n/a,Male,MOZ_S111,Javera,Manica,Sussundenga,Dombe,Dombe,33.395309,-19.97437,Spontaneous,Other,Centro de reassentamento,2019-03-15,Yes,Yes,No,Yes,Manica,Sussundenga,Dombe,Dombe,No,No livelihood,Between 1 and 3 months,58,281,n/a,Shelter,Food,Seeds,About half (around 50%),Everyone (around 100%),Nobody (around 0%),"Items for sleeping (mats, blankets,..)",Cooking items (pots/pans),Hygiene products (for personal hygiene),"Items for sleeping (mats, blankets,..), Cooking items (pots/pans), Hygiene products (for personal hygiene)",There is no market or access to market from the site,,Tube well/Borehole,Tube well/Borehole,Most (around 75%),About half (around 50%),Most (around 75%),A few (around 25%),Pit latrine with slab,A few (around 25%),A few (around 25%),Everyone (around 100%),No access to the Market,Not most people,There is no market nearby,,More than 30 minutes,Nothing is preventing people,Yes,At health facility,Yes,A few (around 25%),Most (around 75%),Most (around 75%),None (around 0%),A few (around 25%),None (around 0%),None (around 0%),Most (around 75%),None (around 0%),No,Yes,VULNERABILITIES AND NEEDS,WASH,SHELTER,FOOD,HEALTH,EDUCATION,PROTECTION,RETURN
2019-04-16,2,n/a,Male,MOZ_S112,Zibua,Manica,Sussundenga,Dombe,Dombe,33.394901,-19.974349,Pre Identified Site/For Relocation,Other,Tendas,2019-03-15,Yes,Yes,Limited access,Limited,Manica,Sussundenga,Dombe,Dombe,Yes,House damaged/destroyed,More than 3 months,75,346,n/a,Food,Shelter,Clothes,Nobody (around 0%),Most (around 75%),Nobody (around 0%),Shoes and clothes,Cooking items (pots/pans),Soap/detergent for washing clothes,"Shoes and clothes, Cooking items (pots/pans), Soap/detergent for washing clothes","Items are sold, and there is access to the market, but items are too expensive/people do not have enough money",,Tube well/Borehole,Surface water,Everyone (around 100%),Everyone (around 100%),Most (around 75%),Nobody (around 0%),Pit latrine with slab,Nobody (around 0%),Nobody (around 0%),Everyone (around 100%),Walking,No,Do not have enough money/Prices are too high,,More than 30 minutes,Nothing is preventing people,Yes,At health facility,Yes,Nobody (around 0%),Most (around 75%),Most (around 75%),None (around 0%),About half (around 50%),None (around 0%),None (around 0%),About half (around 50%),None (around 0%),No,Yes,VULNERABILITIES AND NEEDS,WASH,SHELTER,FOOD,HEALTH,EDUCATION,PROTECTION,RETURN
2019-04-15,2,n/a,Male,MOZ_S113,Mucombe,Manica,Sussundenga,Dombe,Dombe,33.395449,-19.973986,Spontaneous,Community Center,,2019-03-18,Yes,Yes,Yes,Yes,Manica,Sussundenga,Dombe,Dombe mabaia,No,No livelihood,Between 1 and 3 months,34,264,n/a,Food,Inputs,Clothes,A few (around 25%),A few (around 25%),Nobody (around 0%),Mosquito nets,"Items for sleeping (mats, blankets,..)",Cooking items (pots/pans),"Mosquito nets, Items for sleeping (mats, blankets,..), Cooking items (pots/pans)",There is no market or access to market from the site,,Rainwater,Rainwater,Most (around 75%),About half (around 50%),About half (around 50%),Nobody (around 0%),Pit latrine with slab,A few (around 25%),A few (around 25%),A few (around 25%),Walking,No,Do not have enough money/Prices are too high,,Up to 30 minutes,Nothing is preventing people,Yes,At health facility,Yes,A few (around 25%),About half (around 50%),About half (around 50%),None (around 0%),None (around 0%),None (around 0%),None (around 0%),None (around 0%),None (around 0%),No,Yes,VULNERABILITIES AND NEEDS,WASH,SHELTER,FOOD,HEALTH,EDUCATION,PROTECTION,RETURN
2019-04-16,2,n/a,Male,MOZ_S114,Moquina,Manica,Sussundenga,Dombe,Dombe,33.39606,-19.973684,Spontaneous,Other,Tendas,2019-03-15,Yes,Yes,Yes,Yes,Manica,Sussundenga,Dombe,Dombe,Yes,House damaged/destroyed,Between 1 and 3 months,144,570,n/a,Food,Clothes,Shelter,Most (around 75%),Most (around 75%),Nobody (around 0%),"Items for sleeping (mats, blankets,..)",Cooking items (pots/pans),Hygiene products (for personal hygiene),"Items for sleeping (mats, blankets,..), Cooking items (pots/pans), Hygiene products (for personal hygiene)",There is no market or access to market from the site,,Tube well/Borehole,Tube well/Borehole,A few (around 25%),A few (around 25%),A few (around 25%),Nobody (around 0%),No facility / bush / field (aggregate/adapt to the context as needed),Most (around 75%),Everyone (around 100%),Everyone (around 100%),Walking,Not most people,Do not have enough money/Prices are too high,,Up to 30 minutes,Nothing is preventing people,Yes,At health facility,Yes,Nobody (around 0%),Most (around 75%),A few (around 25%),None (around 0%),About half (around 50%),None (around 0%),None (around 0%),About half (around 50%),None (around 0%),No,Yes,VULNERABILITIES AND NEEDS,WASH,SHELTER,FOOD,HEALTH,EDUCATION,PROTECTION,RETURN
2019-04-15,2,n/a,Female,MOZ_S115,Nhanhemba,Manica,Sussundenga,Dombe,Dombe,33.39719,-19.976571,Planned,Other,Tendas,2019-03-17,Yes,Yes,Yes,Yes,Manica,Sussundenga,Dombe,Dombe,Yes,House damaged/destroyed,Between 1 and 3 months,430,2150,n/a,Food,Seeds,Shelter,Nobody (around 0%),About half (around 50%),Nobody (around 0%),Mosquito nets,Hygiene products (for personal hygiene),Soap/detergent for washing clothes,"Mosquito nets, Hygiene products (for personal hygiene), Soap/detergent for washing clothes","Items are sold, and there is access to the market, but items are too expensive/people do not have enough money",,Tube well/Borehole,Tube well/Borehole,Everyone (around 100%),Everyone (around 100%),Most (around 75%),A few (around 25%),Pit latrine without slab / open pit,Nobody (around 0%),Nobody (around 0%),Everyone (around 100%),Walking,No,Do not have enough money/Prices are too high,,Up to 30 minutes,Nothing is preventing people,Yes,At health facility,Yes,Nobody (around 0%),About half (around 50%),A few (around 25%),None (around 0%),None (around 0%),None (around 0%),None (around 0%),None (around 0%),None (around 0%),No,Yes,VULNERABILITIES AND NEEDS,WASH,SHELTER,FOOD,HEALTH,EDUCATION,PROTECTION,RETURN
2019-04-15,2,n/a,Male,MOZ_S116,Madibunhana ,Manica,Sussundenga,Dombe,Madibunhana,33.395116,-19.974299,Spontaneous,Other,Tendas,2019-03-15,No,Yes,Yes,Yes,Manica,Sussundenga,Dombe,Madibunhana,No,Lack of safety,More than 3 months,322,1610,n/a,Food,Seeds,Shelter,Nobody (around 0%),Everyone (around 100%),Everyone (around 100%),Shoes and clothes,Cooking items (pots/pans),Hygiene products (for personal hygiene),"Shoes and clothes, Cooking items (pots/pans), Hygiene products (for personal hygiene)",There is no market or access to market from the site,,Unprotected dug well,Tube well/Borehole,Most (around 75%),Most (around 75%),Most (around 75%),Most (around 75%),Pit latrine with slab,About half (around 50%),Most (around 75%),Everyone (around 100%),Walking,Yes,,,Up to 30 minutes,Nothing is preventing people,Yes,At health facility,Yes,Most (around 75%),Most (around 75%),Most (around 75%),None (around 0%),Most (around 75%),None (around 0%),None (around 0%),All (100%),None (around 0%),No,Yes,VULNERABILITIES AND NEEDS,WASH,SHELTER,FOOD,HEALTH,EDUCATION,PROTECTION,RETURN
2019-04-16,2,n/a,Male,MOZ_S117,Magueba ,Manica,Sussundenga,Dombe,Magueba,33.56972,-20.85059,Pre Identified Site/For Relocation,Other,Tendas,2019-03-15,Yes,Yes,Limited access,Limited,Manica,Sussundenga,Dombe,Magueba,Yes,House damaged/destroyed,More than 3 months,42,210,n/a,Shelter,Food,Clothes,Nobody (around 0%),Everyone (around 100%),Nobody (around 0%),Shoes and clothes,Cooking items (pots/pans),Soap/detergent for washing clothes,"Shoes and clothes, Cooking items (pots/pans), Soap/detergent for washing clothes","Items are sold, and there is access to the market, but items are too expensive/people do not have enough money",,Surface water,Surface water,Everyone (around 100%),Everyone (around 100%),Everyone (around 100%),About half (around 50%),Pit latrine with slab,A few (around 25%),Do not know/No answer,Everyone (around 100%),Walking,Do not know/No answer,,,More than 30 minutes,Nothing is preventing people,Do not know/No answer,Do not know/No answer,Do not know/No answer,Nobody (around 0%),Do not know/No answer,About half (around 50%),None (around 0%),All (100%),None (around 0%),None (around 0%),Do not know/No answer,None (around 0%),No,Do not know/No answer,VULNERABILITIES AND NEEDS,WASH,SHELTER,FOOD,HEALTH,EDUCATION,PROTECTION,RETURN
2019-04-15,2,n/a,Male,MOZ_S118,Nhamississua,Manica,Sussundenga,Dombe,Nhamississua,33.395588,-19.974309,Planned,Other,Centros de deslocados,2019-03-17,Yes,Yes,Yes,Yes,Manica,Sussundenga,Dombe,Nhamississua,No,Lack of food,Between 1 and 3 months,45,225,n/a,Food,Shelter,Household utensils,Most (around 75%),Most (around 75%),Nobody (around 0%),"Items for sleeping (mats, blankets,..)",Cooking items (pots/pans),Soap/detergent for washing clothes,"Items for sleeping (mats, blankets,..), Cooking items (pots/pans), Soap/detergent for washing clothes",There is no market or access to market from the site,,Tube well/Borehole,Tube well/Borehole,About half (around 50%),About half (around 50%),A few (around 25%),Nobody (around 0%),Pit latrine with slab,Most (around 75%),Most (around 75%),Everyone (around 100%),No access to the Market,Not most people,There is no market nearby,,More than 30 minutes,Nothing is preventing people,Yes,At health facility,Yes,Nobody (around 0%),About half (around 50%),Everyone (around 100%),None (around 0%),Most (around 75%),None (around 0%),None (around 0%),Most (around 75%),None (around 0%),No,Yes,VULNERABILITIES AND NEEDS,WASH,SHELTER,FOOD,HEALTH,EDUCATION,PROTECTION,RETURN
2019-04-16,2,n/a,Male,MOZ_S119,Muocochiguedere,Manica,Sussundenga,Dombe,Sussundenga,33.396114,-19.975811,Spontaneous,Other,Centro de reacentamento,2019-03-18,Yes,Yes,No,Limited,Manica,Sussundenga,Dombe,Sussundenga,No,No livelihood,Between 1 and 3 months,84,527,n/a,Food,Domestic utensil,Seeds,Nobody (around 0%),Most (around 75%),Nobody (around 0%),"Items for sleeping (mats, blankets,..)",Cooking items (pots/pans),Soap/detergent for washing clothes,"Items for sleeping (mats, blankets,..), Cooking items (pots/pans), Soap/detergent for washing clothes","There is access to the market, but these items are not sold on the market/rarely available",,Surface water,Surface water,Most (around 75%),Most (around 75%),Everyone (around 100%),A few (around 25%),Pit latrine with slab,Most (around 75%),About half (around 50%),Everyone (around 100%),No access to the Market,Not most people,The market is not far but cannot be reached,,More than 30 minutes,Nothing is preventing people,Yes,At health facility,Yes,A few (around 25%),A few (around 25%),A few (around 25%),None (around 0%),A few (around 25%),None (around 0%),None (around 0%),Most (around 75%),None (around 0%),No,Yes,VULNERABILITIES AND NEEDS,WASH,SHELTER,FOOD,HEALTH,EDUCATION,PROTECTION,RETURN
2019-04-15,2,n/a,Male,MOZ_S120,Tossene Choma,Manica,Sussundenga,Dombe,Sussundenga,33.39724,-19.975418,Spontaneous,Community Center,,2019-03-23,Yes,Yes,Yes,Yes,Manica,Sussundenga,Dombe,Sussundenga,No,Basic infrastructures damaged/flooded,More than 3 months,392,1510,n/a,Food,Seeds,Shelter,Everyone (around 100%),About half (around 50%),Nobody (around 0%),"Items for sleeping (mats, blankets,..)",Cooking items (pots/pans),Soap/detergent for washing clothes,"Items for sleeping (mats, blankets,..), Cooking items (pots/pans), Soap/detergent for washing clothes",There is no market or access to market from the site,,Unprotected dug well,Protected spring,A few (around 25%),Most (around 75%),Nobody (around 0%),Nobody (around 0%),Pit latrine without slab / open pit,A few (around 25%),A few (around 25%),A few (around 25%),Walking,No,Do not have enough money/Prices are too high,,Up to 30 minutes,Nothing is preventing people,Yes,At health facility,Yes,A few (around 25%),Most (around 75%),About half (around 50%),None (around 0%),All (100%),None (around 0%),None (around 0%),A few (around 25%),None (around 0%),No,Yes,VULNERABILITIES AND NEEDS,WASH,SHELTER,FOOD,HEALTH,EDUCATION,PROTECTION,RETURN
2019-04-15,2,n/a,Male,MOZ_S121,Macocoe,Manica,Sussundenga,Dombe,Sussundenga,33.39679,-19.975217,Spontaneous,Other,Centro de Reassentamento,2019-03-16,Yes,Yes,Yes,Yes,Manica,Manica,Sussundenga,Sussundenga,No,House damaged/destroyed,Between 2 weeks and 1 month,119,595,n/a,Food,Seeds,Household utensils,Everyone (around 100%),Everyone (around 100%),Nobody (around 0%),Mosquito nets,Soap/detergent for washing clothes,NULL,"Mosquito nets, Soap/detergent for washing clothes, NULL",There is no market or access to market from the site,,Tube well/Borehole,Tube well/Borehole,Most (around 75%),Most (around 75%),About half (around 50%),About half (around 50%),Pit latrine with slab,A few (around 25%),About half (around 50%),Everyone (around 100%),Walking,No,Do not have enough money/Prices are too high,,More than 30 minutes,Nothing is preventing people,Yes,At health facility,Yes,Most (around 75%),Most (around 75%),Most (around 75%),None (around 0%),Most (around 75%),None (around 0%),None (around 0%),All (100%),None (around 0%),No,Yes,VULNERABILITIES AND NEEDS,WASH,SHELTER,FOOD,HEALTH,EDUCATION,PROTECTION,RETURN
2019-04-16,2,,Female,MOZ_S122,Chiruca,Manica,Sussundenga,Dombe,Sussundenga,33.39833,-19.97139,Planned,Other,Tendas,2019-03-16,Yes,Yes,Limited access,No,Manica,Sussundenga,Dombe,Sussundenga,Yes,House damaged/destroyed,Between 1 and 3 months,21,128,n/a,Food,Seeds,Clothes,Nobody (around 0%),About half (around 50%),Nobody (around 0%),Shoes and clothes,Mosquito nets,Soap/detergent for washing clothes,"Shoes and clothes, Mosquito nets, Soap/detergent for washing clothes",There is no market or access to market from the site,,Public tap/Standpipe,Public tap/Standpipe,A few (around 25%),A few (around 25%),Nobody (around 0%),A few (around 25%),Pit latrine without slab / open pit,Nobody (around 0%),Nobody (around 0%),Everyone (around 100%),Walking,No,Do not have enough money/Prices are too high,,More than 30 minutes,There are no reachable health services,No,At home,No,Nobody (around 0%),A few (around 25%),A few (around 25%),None (around 0%),A few (around 25%),None (around 0%),None (around 0%),A few (around 25%),None (around 0%),No,Yes,VULNERABILITIES AND NEEDS,WASH,SHELTER,FOOD,HEALTH,EDUCATION,PROTECTION,RETURN
2019-04-15,2,,Female,MOZ_S123,Bairro Da Unidade,Manica,Sussundenga,Dombe,Sussundenga,33.394848,-19.975771,Planned,Other,Reacentamento definitivo,2019-04-09,Yes,Yes,Yes,Yes,Manica,Sussundenga,Dombe,Sussundenga,No,House damaged/destroyed,Between 2 weeks and 1 month,71,134,n/a,Food,Seeds,Higiene products,Nobody (around 0%),Everyone (around 100%),Nobody (around 0%),Mosquito nets,Cooking items (pots/pans),Hygiene products (for personal hygiene),"Mosquito nets, Cooking items (pots/pans), Hygiene products (for personal hygiene)",There is no market or access to market from the site,,Rainwater,Rainwater,Everyone (around 100%),Everyone (around 100%),Everyone (around 100%),Most (around 75%),Pit latrine with slab,Nobody (around 0%),Everyone (around 100%),Everyone (around 100%),Walking,No,Do not have enough money/Prices are too high,,Up to 30 minutes,Nothing is preventing people,Yes,At health facility,Yes,A few (around 25%),Most (around 75%),A few (around 25%),None (around 0%),A few (around 25%),None (around 0%),None (around 0%),None (around 0%),None (around 0%),No,Yes,VULNERABILITIES AND NEEDS,WASH,SHELTER,FOOD,HEALTH,EDUCATION,PROTECTION,RETURN
2019-04-16,2,,Male,MOZ_S124,Gudza,Manica,Sussundenga,Dombe,Sussundenga,33.395513,-19.974541,Planned,Barangay Hall,,2019-03-15,No,Yes,Limited access,Limited,Manica,Sussundenga,Dombe,Sussundenga,Yes,House damaged/destroyed,More than 3 months,144,867,n/a,Shelter,Food,Clothes,Nobody (around 0%),Everyone (around 100%),Nobody (around 0%),Shoes and clothes,Cooking items (pots/pans),Soap/detergent for washing clothes,"Shoes and clothes, Cooking items (pots/pans), Soap/detergent for washing clothes","Items are sold, and there is access to the market, but items are too expensive/people do not have enough money",,Surface water,Surface water,Everyone (around 100%),Everyone (around 100%),Most (around 75%),About half (around 50%),Pit latrine with slab,A few (around 25%),Do not know/No answer,Everyone (around 100%),Walking,Do not know/No answer,,,There is no reachable health facility,Nothing is preventing people,Do not know/No answer,Do not know/No answer,No,Nobody (around 0%),About half (around 50%),Do not know/No answer,None (around 0%),All (100%),None (around 0%),None (around 0%),None (around 0%),None (around 0%),No,Yes,VULNERABILITIES AND NEEDS,WASH,SHELTER,FOOD,HEALTH,EDUCATION,PROTECTION,RETURN
2019-04-15,2,,Female,MOZ_S125,Ngurue,Manica,Sussundenga,Dombe,Sussundenga,33.394558,-19.975035,Planned,Other,Tendas,2019-03-16,Yes,Yes,Yes,Yes,Manica,Manica,Sussundenga,Sussundenga,Yes,Lack of safety,Between 1 and 3 months,155,774,n/a,Seeds,Food,Nearest Health facility,Nobody (around 0%),Everyone (around 100%),Nobody (around 0%),Shoes and clothes,Mosquito nets,Hygiene products (for personal hygiene),"Shoes and clothes, Mosquito nets, Hygiene products (for personal hygiene)","Items are sold, and there is access to the market, but items are of bad quality",,Public tap/Standpipe,Public tap/Standpipe,About half (around 50%),About half (around 50%),A few (around 25%),A few (around 25%),Pit latrine without slab / open pit,Nobody (around 0%),Nobody (around 0%),Everyone (around 100%),"Public transportation (Bus, Van, Taxi.)",No,Do not have enough money/Prices are too high,,More than 30 minutes,Nothing is preventing people,Yes,At health facility,Yes,Nobody (around 0%),A few (around 25%),A few (around 25%),None (around 0%),A few (around 25%),None (around 0%),None (around 0%),A few (around 25%),None (around 0%),No,Yes,VULNERABILITIES AND NEEDS,WASH,SHELTER,FOOD,HEALTH,EDUCATION,PROTECTION,RETURN
2019-04-16,2,,Female,MOZ_S126,Muoha sede ,Manica,Sussundenga,Muoha,Muaha,33.292848,-19.413196,Spontaneous,Community Center,,2019-03-15,Yes,Yes,Yes,Yes,Manica,Sussundenga,Muoha,Muoha,No,No livelihood,Between 1 and 3 months,63,312,n/a,Seeds,Hygiene products,Clothes,Nobody (around 0%),Everyone (around 100%),Nobody (around 0%),Shoes and clothes,Mosquito nets,Soap/detergent for washing clothes,"Shoes and clothes, Mosquito nets, Soap/detergent for washing clothes",There is no market or access to market from the site,,Tube well/Borehole,Tube well/Borehole,Everyone (around 100%),Everyone (around 100%),A few (around 25%),A few (around 25%),Pit latrine without slab / open pit,Nobody (around 0%),Nobody (around 0%),Everyone (around 100%),Walking,No,Do not have enough money/Prices are too high,,More than 30 minutes,There are no reachable health services,Yes,At health facility,Yes,Nobody (around 0%),Most (around 75%),A few (around 25%),None (around 0%),A few (around 25%),None (around 0%),None (around 0%),A few (around 25%),None (around 0%),No,Yes,VULNERABILITIES AND NEEDS,WASH,SHELTER,FOOD,HEALTH,EDUCATION,PROTECTION,RETURN
2019-04-16,2,,Male,MOZ_S127,Minas Gerais ,Manica,Sussundenga,Muoha,Muoha,33.292322,-19.412518,Spontaneous,Community Center,,2019-03-17,Yes,Yes,Yes,Yes,Manica,Sussundenga,Muoha,Muoha,Yes,House damaged/destroyed,More than 3 months,101,505,n/a,Food,Shelter,Seeds,Nobody (around 0%),Nobody (around 0%),Everyone (around 100%),Shoes and clothes,Cooking items (pots/pans),Soap/detergent for washing clothes,"Shoes and clothes, Cooking items (pots/pans), Soap/detergent for washing clothes","Items are sold, and there is access to the market, but items are too expensive/people do not have enough money",,Tube well/Borehole,Surface water,Everyone (around 100%),Everyone (around 100%),Nobody (around 0%),About half (around 50%),No facility / bush / field (aggregate/adapt to the context as needed),Nobody (around 0%),Nobody (around 0%),Nobody (around 0%),Walking,Yes,,,More than 30 minutes,Nothing is preventing people,Yes,At health facility,Yes,Do not know/No answer,About half (around 50%),About half (around 50%),None (around 0%),All (100%),None (around 0%),None (around 0%),All (100%),None (around 0%),No,Yes,VULNERABILITIES AND NEEDS,WASH,SHELTER,FOOD,HEALTH,EDUCATION,PROTECTION,RETURN
2019-04-16,2,,Female,MOZ_S128,Mauhama,Manica,Sussundenga,Muoha,Sussundenga,33.291614,-19.413166,Spontaneous,Other,Tenda,2019-03-18,Yes,Yes,Yes,Yes,Manica,Sussundenga,Dombe,Sussundenga,Yes,Lack of food,Between 1 and 3 months,83,428,n/a,Food,Clothes,Seeds,Nobody (around 0%),Most (around 75%),Nobody (around 0%),Shoes and clothes,Hygiene products (for personal hygiene),Soap/detergent for washing clothes,"Shoes and clothes, Hygiene products (for personal hygiene), Soap/detergent for washing clothes",There is no market or access to market from the site,,Public tap/Standpipe,Tube well/Borehole,Everyone (around 100%),Everyone (around 100%),A few (around 25%),A few (around 25%),Pit latrine without slab / open pit,Nobody (around 0%),Nobody (around 0%),Everyone (around 100%),Walking,No,Do not have enough money/Prices are too high,,More than 30 minutes,There are no reachable health services,Yes,At health facility,Yes,Nobody (around 0%),A few (around 25%),A few (around 25%),None (around 0%),A few (around 25%),None (around 0%),None (around 0%),None (around 0%),None (around 0%),Yes,Yes,VULNERABILITIES AND NEEDS,WASH,SHELTER,FOOD,HEALTH,EDUCATION,PROTECTION,RETURN
2019-04-16,2,,Male,MOZ_S129,Assikubatana mussenembe,Manica,Sussundenga,Rotanda,Rotanda,32.917147,-19.536036,Spontaneous,Community Center,,2019-03-15,Yes,Yes,No,Yes,Manica,Sussundenga,Rotanda,Rotanda,No,Lack of safety,Between 1 and 3 months,4,14,n/a,Food,Seeds,Shelter,A few (around 25%),Everyone (around 100%),Nobody (around 0%),Mosquito nets,"Items for sleeping (mats, blankets,..)",Cooking items (pots/pans),"Mosquito nets, Items for sleeping (mats, blankets,..), Cooking items (pots/pans)","Items are sold, and there is access to the market, but items are too expensive/people do not have enough money",,Rainwater,Surface water,Everyone (around 100%),Everyone (around 100%),Most (around 75%),A few (around 25%),Pit latrine without slab / open pit,A few (around 25%),About half (around 50%),Everyone (around 100%),Walking,No,Do not have enough money/Prices are too high,,Up to 30 minutes,Nothing is preventing people,Yes,At health facility,Yes,A few (around 25%),Most (around 75%),Most (around 75%),None (around 0%),A few (around 25%),None (around 0%),None (around 0%),A few (around 25%),None (around 0%),No,Yes,VULNERABILITIES AND NEEDS,WASH,SHELTER,FOOD,HEALTH,EDUCATION,PROTECTION,RETURN
2019-04-16,2,,Male,MOZ_S130,Magaro,Manica,Sussundenga,Sussundenga,Sussundenga,33.09509,-19.452072,Spontaneous,Community Center,,2019-03-15,Yes,Yes,Yes,Yes,Manica,Sussundenga,Dombe,Sussundenga,Yes,House damaged/destroyed,Between 1 and 3 months,283,2780,n/a,Food,Clothes,Shelter,Nobody (around 0%),Most (around 75%),Nobody (around 0%),Shoes and clothes,Cooking items (pots/pans),Soap/detergent for washing clothes,"Shoes and clothes, Cooking items (pots/pans), Soap/detergent for washing clothes","Items are sold, and there is access to the market, but items are of bad quality",,Surface water,Surface water,Everyone (around 100%),Everyone (around 100%),Everyone (around 100%),Nobody (around 0%),Pit latrine without slab / open pit,Nobody (around 0%),Nobody (around 0%),A few (around 25%),Walking,No,Do not have enough money/Prices are too high,,Up to 30 minutes,There are no reachable health services,No,At health facility,Yes,A few (around 25%),About half (around 50%),Everyone (around 100%),None (around 0%),All (100%),None (around 0%),None (around 0%),About half (around 50%),None (around 0%),No,No,VULNERABILITIES AND NEEDS,WASH,SHELTER,FOOD,HEALTH,EDUCATION,PROTECTION,RETURN
2019-04-16,2,,Male,MOZ_S131,Mutassa,Manica,Sussundenga,Sussundenga,Sussundenga,33.234821,-19.355993,Planned,Other,Tendas,2019-03-18,No,Yes,Limited access,Limited,Manica,Sussundenga,Dombe,Sussundenga,Yes,House damaged/destroyed,More than 3 months,40,255,n/a,Food,Shelter,Clothes,Nobody (around 0%),Most (around 75%),Nobody (around 0%),Shoes and clothes,"Items for sleeping (mats, blankets,..)",Soap/detergent for washing clothes,"Shoes and clothes, Items for sleeping (mats, blankets,..), Soap/detergent for washing clothes","Items are sold, and there is access to the market, but items are too expensive/people do not have enough money",,Surface water,Surface water,Most (around 75%),Most (around 75%),Everyone (around 100%),Nobody (around 0%),Pit latrine without slab / open pit,Nobody (around 0%),Nobody (around 0%),Everyone (around 100%),Walking,No,Do not have enough money/Prices are too high,,Up to 30 minutes,Nothing is preventing people,Yes,At health facility,Yes,Nobody (around 0%),Most (around 75%),Most (around 75%),None (around 0%),About half (around 50%),None (around 0%),None (around 0%),About half (around 50%),None (around 0%),No,Yes,VULNERABILITIES AND NEEDS,WASH,SHELTER,FOOD,HEALTH,EDUCATION,PROTECTION,RETURN
2019-04-16,2,,Male,MOZ_S132,ECMED Sede,Manica,Sussundenga,Sussundenga,,33.103006,-19.454344,Spontaneous,Other,Acampamento,2019-03-16,Yes,Yes,Yes,Yes,Manica,Sussundenga,Sussundenga,Sussundenga,Yes,Basic infrastructures damaged/flooded,More than 3 months,4,10,n/a,Food,Health,Seeds,A few (around 25%),A few (around 25%),Nobody (around 0%),Mosquito nets,Cooking items (pots/pans),Soap/detergent for washing clothes,"Mosquito nets, Cooking items (pots/pans), Soap/detergent for washing clothes",There is no market or access to market from the site,,Unprotected dug well,Unprotected dug well,A few (around 25%),A few (around 25%),A few (around 25%),About half (around 50%),Pit latrine with slab,Nobody (around 0%),Nobody (around 0%),Everyone (around 100%),Walking,No,Do not have enough money/Prices are too high,,Up to 30 minutes,Nothing is preventing people,Yes,At health facility,Yes,A few (around 25%),A few (around 25%),Do not know/No answer,A few (around 25%),All (100%),A few (around 25%),A few (around 25%),All (100%),A few (around 25%),No,Yes,VULNERABILITIES AND NEEDS,WASH,SHELTER,FOOD,HEALTH,EDUCATION,PROTECTION,RETURN
2019-04-14,2,,Male,MOZ_S133,Mutarara ,Manica,Sussundenga,Sussundenga,Mutarara,33.248465,-19.281267,Pre Identified Site/For Relocation,Community Center,,2019-03-31,Yes,Yes,Yes,Yes,Manica,Sussundenga,Dombe,Mutarara,Yes,House damaged/destroyed,More than 3 months,257,1287,n/a,Food,Clothes,Blanket,Nobody (around 0%),Nobody (around 0%),Nobody (around 0%),Shoes and clothes,"Items for sleeping (mats, blankets,..)",Soap/detergent for washing clothes,"Shoes and clothes, Items for sleeping (mats, blankets,..), Soap/detergent for washing clothes","Items are sold, and there is access to the market, but items are too expensive/people do not have enough money",,Sachet water,Sachet water,Everyone (around 100%),Everyone (around 100%),Everyone (around 100%),Nobody (around 0%),Pit latrine without slab / open pit,Nobody (around 0%),Nobody (around 0%),A few (around 25%),Walking,No,Do not have enough money/Prices are too high,,Up to 30 minutes,Nothing is preventing people,Yes,At health facility,Yes,Nobody (around 0%),Everyone (around 100%),Everyone (around 100%),None (around 0%),All (100%),None (around 0%),None (around 0%),All (100%),None (around 0%),No,Yes,VULNERABILITIES AND NEEDS,WASH,SHELTER,FOOD,HEALTH,EDUCATION,PROTECTION,RETURN
