epoca,periodo,provincia,distrito_old,distrito,provincia_pcode,distrito_pcode,avisos,ocorrencia_,chuvas,ventos_fortes,descarga_atmosferica,data,pessoas_afectadas_,familias__afectadas_,pessoas_indirectamente_afectadas,familias_indirectamente_afectadas,feridos,obitos,obitos2,grupos_vulneraveis,casas_parcialmente_dest,casas_totalmente_destr,casas_inundadas,escolas_afectadas,salas_de_aulas_parcialmente_destruidas,salas_de_aulas_totalmente_destruidas,alunos_afectados,prof_afectados,casas_de_culto,unidades_sanitarias,hospital_parcialmente_destruidas,hospital_totalmente_destruidas,centro_de_saude_parcialmente_destruidas,postes_de_energia,rede_de_pesca,embarcacoes,posto_de_transformacao,posto_policial,pensoes_para_hospedagem,sistema_de_abastecimento_de_agua,area_afectada_ha,familias_afectadas,accoes_em_curso,observacoes
2017-2018,Novembro,Zambezia,Alto Molocue,Alto Molocue,MZ09,MZ0402,n/a,Chuvas e ventos fortes,1,TRUE,0,11/9/2017,60,12,n/a,n/a,n/a,n/a,n/a,n/a,12,n/a,n/a,n/a,7,n/a,n/a,n/a,1,n/a,n/a,n/a,1,n/a,n/a,n/a,n/a,n/a,n/a,n/a,n/a,n/a,n/a,n/a
2017-2018,Novembro,Cabo_Delgado,Ancuabe,Ancuabe,MZ09,MZ0202,n/a,Chuvas e ventos fortes,1,TRUE,0,11/27/2017,215,44,n/a,n/a,n/a,n/a,n/a,n/a,n/a,n/a,n/a,n/a,n/a,n/a,n/a,n/a,2,n/a,n/a,n/a,n/a,n/a,n/a,n/a,n/a,n/a,n/a,n/a,n/a,n/a,n/a,n/a
2017-2018,Janeiro,Cabo_Delgado,Ancuabe,Ancuabe,MZ09,MZ0202,n/a,Chuvas e ventos fortes,1,TRUE,0,1/19/2018,545,109,n/a,n/a,n/a,n/a,n/a,n/a,38,71,n/a,n/a,n/a,n/a,n/a,n/a,n/a,n/a,n/a,n/a,n/a,3,n/a,n/a,n/a,n/a,n/a,n/a,n/a,n/a,n/a,n/a
2017-2018,Janeiro,Nampula,Angoche,Angoche,MZ09,MZ0302,n/a,Chuvas e ventos fortes,1,TRUE,0,1/18/2018,980,196,n/a,n/a,n/a,n/a,n/a,n/a,49,147,n/a,n/a,n/a,3,n/a,n/a,n/a,n/a,n/a,n/a,n/a,n/a,n/a,n/a,n/a,n/a,n/a,n/a,n/a,n/a,n/a,n/a
2018-2019,Marco,Tete,Angonia,Angonia,MZ05,MZ0502,n/a,Depressao tropical,0,FALSE,0,3/6/2019,7295,1459,n/a,n/a,n/a,2,2,n/a,n/a,1459,n/a,18,51,n/a,5383,n/a,11,n/a,n/a,n/a,n/a,n/a,n/a,n/a,n/a,n/a,n/a,n/a,70,127,n/a,n/a
2016-2017,n/a,Cabo_Delgado,Balama,Balama,MZ02,MZ0203,n/a,Chuvas e ventos fortes,1,TRUE,0,3/1/2017,5,1,n/a,n/a,n/a,n/a,n/a,n/a,1,n/a,n/a,n/a,n/a,n/a,n/a,n/a,n/a,n/a,n/a,n/a,n/a,n/a,n/a,n/a,n/a,n/a,n/a,n/a,n/a,n/a,n/a,n/a
2017-2018,Janeiro,Cabo_Delgado,Balama,Balama,MZ09,MZ0203,n/a,Chuvas e ventos fortes,1,TRUE,0,1/25/2018,1248,252,n/a,n/a,n/a,n/a,n/a,n/a,245,7,n/a,n/a,n/a,n/a,n/a,n/a,n/a,n/a,n/a,n/a,n/a,n/a,n/a,n/a,n/a,n/a,n/a,n/a,n/a,n/a,n/a,n/a
2017-2018,Janeiro,Manica,Barue,Barue,MZ09,MZ0602,n/a,Ventos fortes,0,TRUE,0,1/3/2018,120,24,n/a,n/a,1,n/a,n/a,n/a,23,1,n/a,n/a,n/a,n/a,n/a,n/a,n/a,n/a,n/a,n/a,n/a,n/a,n/a,n/a,n/a,n/a,n/a,n/a,n/a,n/a,n/a,n/a
2018-2019,Marco,Manica,Barue,Barue,n/a,n/a,n/a,Ciclone,n/a,n/a,n/a,3/15/2019,n/a,n/a,n/a,n/a,n/a,n/a,n/a,n/a,n/a,n/a,n/a,16,10,38,2320,32,n/a,n/a,n/a,n/a,n/a,n/a,n/a,n/a,n/a,n/a,n/a,n/a,n/a,n/a,n/a,n/a
2016-2017,n/a,Gaza,Bilene,Bilene,MZ09,MZ0902,n/a,Chuvas e ventos fortes,1,TRUE,0,10/24/2016,300,60,n/a,n/a,0,n/a,n/a,n/a,60,0,n/a,n/a,16,0,n/a,n/a,n/a,n/a,n/a,n/a,n/a,n/a,n/a,n/a,n/a,n/a,n/a,n/a,n/a,n/a,n/a,n/a
2016-2017,n/a,Gaza,Bilene,Bilene,MZ09,MZ0902,062/INAM-DAPT/999/2016,Chuvas e ventos fortes,1,TRUE,0,12/24/2016,40,8,n/a,n/a,n/a,n/a,n/a,n/a,8,n/a,n/a,1,2,n/a,n/a,n/a,n/a,n/a,n/a,n/a,n/a,n/a,n/a,n/a,n/a,n/a,n/a,n/a,n/a,n/a,n/a,n/a
2016-2017,n/a,Gaza,Bilene,Bilene,MZ09,MZ0902,n/a,Ciclone,0,FALSE,0,2/16/2017,130,26,n/a,n/a,n/a,n/a,n/a,n/a,n/a,n/a,n/a,1,2,n/a,288,8,n/a,n/a,n/a,n/a,n/a,n/a,n/a,n/a,n/a,n/a,n/a,n/a,n/a,n/a,n/a,n/a
2016-2017,n/a,Maputo,Boane,Boane,MZ10,MZ1002,n/a,Chuvas e ventos fortes,1,TRUE,0,12/9/2016,590,118,n/a,n/a,4,n/a,n/a,n/a,110,8,n/a,n/a,n/a,n/a,n/a,n/a,n/a,n/a,n/a,n/a,n/a,12,n/a,n/a,n/a,n/a,n/a,n/a,n/a,n/a,n/a,n/a
2016-2017,n/a,Maputo,Boane,Boane,MZ10,MZ1002,n/a,Chuvas fortes,1,FALSE,0,12/28/2016,100,20,n/a,n/a,n/a,n/a,n/a,n/a,20,n/a,n/a,n/a,n/a,n/a,n/a,n/a,n/a,n/a,n/a,n/a,n/a,n/a,n/a,n/a,n/a,n/a,n/a,n/a,n/a,n/a,n/a,n/a
2016-2017,n/a,Maputo,Boane,Boane,MZ10,MZ1002,n/a,Descarga atmosferica,0,FALSE,1,1/25/2017,5,1,n/a,n/a,2,n/a,n/a,n/a,n/a,n/a,n/a,n/a,n/a,n/a,n/a,n/a,n/a,n/a,n/a,n/a,n/a,1,n/a,n/a,n/a,n/a,n/a,n/a,n/a,n/a,n/a,n/a
2016-2017,n/a,Maputo,Boane,Boane,MZ10,MZ1002,n/a,Chuvas e ventos fortes,1,TRUE,0,1/25/2017,60,12,n/a,n/a,2,n/a,n/a,n/a,n/a,n/a,n/a,n/a,n/a,n/a,n/a,n/a,n/a,n/a,n/a,n/a,n/a,n/a,n/a,n/a,n/a,n/a,n/a,n/a,n/a,n/a,n/a,n/a
2017-2018,Novembro,Maputo,Boane,Boane,MZ09,MZ1002,n/a,Chuvas e ventos fortes,1,TRUE,0,11/15/2017,125,25,n/a,n/a,n/a,n/a,n/a,n/a,25,n/a,n/a,n/a,n/a,n/a,n/a,n/a,n/a,n/a,n/a,n/a,n/a,n/a,n/a,n/a,n/a,n/a,n/a,n/a,n/a,n/a,n/a,n/a
2017-2018,Janeiro,Maputo,Boane,Boane,MZ09,MZ1002,006/INAM-DAPT/999/2018,Chuvas e ventos fortes,1,TRUE,0,1/8/2018,10,2,n/a,n/a,n/a,n/a,n/a,n/a,n/a,2,n/a,1,n/a,n/a,n/a,n/a,n/a,n/a,n/a,n/a,n/a,n/a,n/a,n/a,n/a,n/a,n/a,n/a,n/a,n/a,n/a,n/a
2016-2017,n/a,Sofala,Buzi,Buzi,MZ07,MZ0702,n/a,Chuvas fortes,1,FALSE,0,1/17/2017,25,5,n/a,n/a,n/a,n/a,n/a,n/a,n/a,5,n/a,n/a,n/a,n/a,n/a,n/a,n/a,n/a,n/a,n/a,n/a,n/a,n/a,n/a,n/a,n/a,n/a,n/a,n/a,n/a,n/a,n/a
2018-2019,Marco,Sofala,Buzi,Buzi,n/a,n/a,n/a,Ciclone,n/a,n/a,n/a,3/16/2019,154332,30867,n/a,n/a,n/a,n/a,108,n/a,n/a,n/a,13600,13,73,n/a,20943,428,n/a,n/a,n/a,n/a,n/a,n/a,n/a,n/a,n/a,n/a,n/a,n/a,58337,29632,n/a,n/a
2016-2017,n/a,Tete,Cahora Bassa,Cahora Bassa,MZ05,MZ0503,n/a,Chuvas e ventos fortes,1,TRUE,0,1/4/2017,n/a,n/a,n/a,n/a,n/a,n/a,n/a,n/a,n/a,n/a,n/a,n/a,5,n/a,n/a,n/a,n/a,n/a,n/a,n/a,n/a,n/a,n/a,n/a,n/a,n/a,n/a,n/a,n/a,n/a,n/a,n/a
2016-2017,n/a,Tete,Cahora Bassa,Cahora Bassa,MZ05,MZ0503,n/a,Chuvas e ventos fortes,1,TRUE,0,1/23/2017,10,2,n/a,n/a,n/a,n/a,n/a,n/a,n/a,2,n/a,n/a,n/a,n/a,n/a,n/a,n/a,n/a,n/a,n/a,n/a,n/a,n/a,n/a,n/a,n/a,n/a,n/a,n/a,n/a,n/a,n/a
2016-2017,n/a,Sofala,Caia,Caia,MZ07,MZ0703,n/a,Ventos fortes,0,TRUE,0,11/6/2016,2890,578,n/a,n/a,45,n/a,n/a,n/a,185,393,n/a,n/a,5,n/a,n/a,n/a,n/a,n/a,n/a,n/a,n/a,9,n/a,n/a,n/a,n/a,n/a,n/a,n/a,n/a,n/a,n/a
2017-2018,Dezembro,Sofala,Caia,Caia,MZ09,MZ0703,n/a,Chuvas fortes,1,FALSE,0,12/26/2017,105,21,n/a,n/a,n/a,2,n/a,n/a,17,4,n/a,n/a,n/a,n/a,n/a,n/a,n/a,n/a,n/a,n/a,n/a,n/a,n/a,n/a,n/a,n/a,n/a,n/a,n/a,n/a,n/a,n/a
2018-2019,Marco,Sofala,Caia,Caia,n/a,n/a,n/a,Ciclone,n/a,n/a,n/a,3/15/2019,12040,2408,n/a,n/a,n/a,n/a,n/a,n/a,n/a,169,89,n/a,n/a,n/a,2431,46,n/a,n/a,n/a,n/a,n/a,n/a,n/a,n/a,n/a,n/a,n/a,n/a,25251,22255,n/a,n/a
2016-2017,n/a,Tete,Changara,Changara,MZ05,MZ0504,n/a,Chuvas e ventos fortes,1,TRUE,0,1/12/2017,30,6,n/a,n/a,n/a,n/a,n/a,n/a,6,1,n/a,n/a,n/a,n/a,n/a,n/a,n/a,n/a,n/a,n/a,n/a,n/a,n/a,n/a,n/a,n/a,n/a,n/a,n/a,n/a,n/a,n/a
2018-2019,Marco,Tete,Changara,Changara,MZ05,MZ0504,n/a,Depressao tropical,0,FALSE,0,3/8/2019,640,128,n/a,n/a,n/a,n/a,n/a,n/a,128,n/a,n/a,n/a,n/a,n/a,n/a,n/a,n/a,n/a,n/a,n/a,n/a,n/a,n/a,n/a,n/a,n/a,n/a,n/a,63,251,n/a,n/a
2016-2017,n/a,Sofala,Chemba,Chemba,MZ07,MZ0704,n/a,Chuvas fortes,1,FALSE,0,12/17/2016,5,1,n/a,n/a,n/a,n/a,n/a,n/a,1,n/a,n/a,n/a,n/a,n/a,n/a,n/a,1,n/a,n/a,n/a,n/a,n/a,n/a,n/a,n/a,n/a,n/a,n/a,n/a,n/a,n/a,n/a
2017-2018,Dezembro,Sofala,Chemba,Chemba,MZ09,MZ0704,n/a,Chuvas acompanhadas de Trovoadas,1,FALSE,0,12/14/2017,10,2,n/a,n/a,2,3,3,n/a,n/a,n/a,n/a,n/a,n/a,n/a,n/a,n/a,n/a,n/a,n/a,n/a,n/a,n/a,n/a,n/a,n/a,n/a,n/a,n/a,n/a,n/a,n/a,n/a
2017-2018,Dezembro,Sofala,Chemba,Chemba,MZ09,MZ0704,n/a,Chuvas acompanhadas de Trovoadas,1,FALSE,0,12/26/2017,n/a,n/a,n/a,n/a,n/a,3,3,n/a,n/a,n/a,n/a,n/a,n/a,n/a,n/a,n/a,n/a,n/a,n/a,n/a,n/a,n/a,n/a,n/a,n/a,n/a,n/a,n/a,n/a,n/a,n/a,n/a
2018-2019,Marco,Sofala,Chemba,Chemba,n/a,n/a,n/a,Ciclone,n/a,n/a,n/a,3/16/2019,330,66,n/a,n/a,n/a,n/a,n/a,n/a,n/a,n/a,n/a,n/a,n/a,n/a,2377,46,n/a,n/a,n/a,n/a,n/a,n/a,n/a,n/a,n/a,n/a,n/a,n/a,3142,954,n/a,n/a
2018-2019,Marco,Sofala,Cheringoma,Cheringoma,n/a,n/a,n/a,Ciclone,n/a,n/a,n/a,3/14/2019,7060,1412,n/a,n/a,n/a,n/a,n/a,n/a,1221,191,39,5,n/a,n/a,352,8,n/a,2,n/a,n/a,n/a,n/a,n/a,n/a,n/a,n/a,n/a,n/a,2439,4315,n/a,n/a
2018-2019,Marco,Sofala,Chibabava,Chibabava,n/a,n/a,n/a,Ciclone,n/a,n/a,n/a,3/15/2019,3975,791,n/a,n/a,n/a,n/a,n/a,n/a,59,632,n/a,20,10,32,6927,142,n/a,n/a,n/a,n/a,n/a,n/a,n/a,n/a,n/a,n/a,n/a,n/a,3604,20102,n/a,n/a
2016-2017,n/a,Gaza,Chibuto,Chibuto,MZ09,MZ0903,n/a,Chuvas e ventos fortes,1,TRUE,0,10/24/2016,0,0,n/a,n/a,0,n/a,n/a,n/a,0,0,n/a,n/a,0,0,n/a,n/a,n/a,n/a,n/a,n/a,n/a,n/a,n/a,n/a,n/a,n/a,n/a,n/a,n/a,n/a,n/a,n/a
2016-2017,n/a,Gaza,Chibuto,Chibuto,MZ09,MZ0903,062/INAM-DAPT/999/2016,Chuvas e ventos fortes,1,TRUE,0,12/24/2016,125,25,n/a,n/a,n/a,n/a,n/a,n/a,18,7,n/a,n/a,n/a,n/a,n/a,n/a,n/a,n/a,n/a,n/a,n/a,n/a,n/a,n/a,n/a,n/a,n/a,n/a,n/a,n/a,n/a,n/a
2016-2017,n/a,Gaza,Chibuto,Chibuto,MZ09,MZ0903,n/a,Ciclone,0,FALSE,0,2/16/2017,35,7,n/a,n/a,n/a,n/a,n/a,n/a,7,n/a,n/a,n/a,n/a,n/a,n/a,n/a,n/a,n/a,n/a,n/a,n/a,2,n/a,n/a,n/a,n/a,n/a,n/a,n/a,n/a,n/a,n/a
2016-2017,n/a,Gaza,Chibuto,Chibuto,MZ09,MZ0903,n/a,Inundades,0,FALSE,0,3/3/2017,1542,308,n/a,n/a,n/a,n/a,n/a,n/a,n/a,11,n/a,n/a,5,n/a,n/a,n/a,n/a,n/a,n/a,n/a,n/a,8,n/a,n/a,n/a,n/a,n/a,n/a,n/a,n/a,n/a,n/a
2017-2018,Novembro,Gaza,Chibuto,Chibuto,MZ09,MZ0903,n/a,n/a,0,FALSE,0,11/15/2017,n/a,n/a,n/a,n/a,n/a,n/a,n/a,n/a,n/a,n/a,n/a,1,n/a,n/a,133,n/a,n/a,n/a,n/a,n/a,n/a,n/a,n/a,n/a,n/a,n/a,n/a,n/a,n/a,n/a,n/a,n/a
2017-2018,Janeiro,Gaza,Chibuto,Chibuto,MZ09,MZ0903,n/a,Chuvas e ventos fortes,1,TRUE,0,1/2/2018,1650,330,n/a,n/a,n/a,n/a,n/a,n/a,329,1,n/a,n/a,n/a,n/a,n/a,n/a,1,n/a,n/a,n/a,n/a,n/a,n/a,n/a,n/a,n/a,n/a,n/a,n/a,n/a,n/a,n/a
2016-2017,n/a,Gaza,Chicualacuala,Chicualacuala,MZ09,MZ0904,n/a,Chuvas e ventos fortes,1,TRUE,0,10/24/2016,0,0,n/a,n/a,0,n/a,n/a,n/a,3,0,n/a,n/a,2,0,n/a,n/a,n/a,n/a,n/a,n/a,n/a,n/a,n/a,n/a,n/a,n/a,n/a,n/a,n/a,n/a,n/a,n/a
2016-2017,n/a,Gaza,Chicualacuala,Chicualacuala,MZ09,MZ0904,n/a,Ciclone,0,FALSE,0,2/16/2017,405,96,n/a,n/a,n/a,n/a,n/a,n/a,82,n/a,n/a,n/a,n/a,n/a,n/a,n/a,n/a,n/a,n/a,n/a,n/a,n/a,n/a,n/a,n/a,n/a,n/a,n/a,n/a,n/a,n/a,n/a
2017-2018,Outubro,Gaza,Chicualacuala,Chicualacuala,MZ09,MZ0904,n/a,Ventos fortes,0,TRUE,0,10/8/2017,n/a,n/a,n/a,n/a,n/a,n/a,n/a,n/a,n/a,n/a,n/a,n/a,n/a,n/a,n/a,n/a,n/a,n/a,n/a,n/a,n/a,3,n/a,n/a,n/a,n/a,n/a,n/a,n/a,n/a,n/a,n/a
2017-2018,Novembro,Gaza,Chicualacuala,Chicualacuala,MZ09,MZ0904,n/a,Descarga atmosferica,0,FALSE,1,11/15/2017,5,1,n/a,n/a,1,n/a,n/a,n/a,n/a,n/a,n/a,n/a,n/a,n/a,n/a,n/a,n/a,n/a,n/a,n/a,1,n/a,n/a,n/a,n/a,n/a,n/a,n/a,n/a,n/a,n/a,n/a
2018-2019,Marco,Tete,Chifunde,Chifunde,MZ05,MZ0505,n/a,Depressao tropical,0,FALSE,0,3/6/2019,n/a,n/a,n/a,n/a,n/a,n/a,n/a,n/a,n/a,n/a,n/a,n/a,n/a,n/a,n/a,n/a,n/a,n/a,n/a,n/a,n/a,n/a,n/a,n/a,n/a,n/a,n/a,n/a,361,96,n/a,n/a
2016-2017,n/a,Gaza,Chigubo,Chigubo,MZ09,MZ0905,n/a,Ciclone,0,FALSE,0,2/16/2017,535,107,n/a,n/a,n/a,n/a,n/a,n/a,107,n/a,n/a,n/a,n/a,n/a,n/a,n/a,n/a,1,n/a,n/a,n/a,n/a,n/a,n/a,n/a,n/a,n/a,n/a,n/a,n/a,n/a,n/a
2017-2018,Outubro,Gaza,Chigubo,Chigubo,MZ09,MZ0905,n/a,Chuvas e ventos fortes,1,TRUE,0,10/8/2017,380,76,n/a,n/a,n/a,n/a,n/a,n/a,76,n/a,n/a,n/a,n/a,n/a,n/a,n/a,n/a,n/a,n/a,n/a,n/a,n/a,n/a,n/a,n/a,n/a,n/a,n/a,n/a,n/a,n/a,n/a
2017-2018,Janeiro,Gaza,Chigubo,Chigubo,MZ09,MZ0905,n/a,Chuvas e ventos fortes,1,TRUE,0,1/2/2018,n/a,n/a,300,60,n/a,n/a,n/a,n/a,n/a,n/a,n/a,n/a,2,n/a,60,2,n/a,n/a,n/a,n/a,n/a,n/a,n/a,n/a,n/a,n/a,n/a,n/a,n/a,n/a,n/a,n/a
2016-2017,n/a,Niassa,Chimbunila,Chimbonila,MZ01,MZ0102,n/a,Chuvas e ventos fortes,1,TRUE,0,12/22/2016,555,111,n/a,n/a,2,n/a,n/a,n/a,n/a,111,n/a,n/a,n/a,n/a,n/a,n/a,n/a,n/a,n/a,n/a,n/a,n/a,n/a,n/a,n/a,n/a,n/a,n/a,n/a,n/a,n/a,n/a
2016-2017,n/a,Niassa,Chimbunila,Chimbonila,MZ01,MZ0102,n/a,Descarga atmosferica,0,FALSE,1,12/31/2016,n/a,n/a,n/a,n/a,1,n/a,n/a,n/a,n/a,n/a,n/a,n/a,n/a,n/a,n/a,n/a,n/a,n/a,n/a,n/a,n/a,n/a,n/a,n/a,n/a,n/a,n/a,n/a,n/a,n/a,n/a,n/a
2017-2018,Janeiro,Niassa,Chimbunila,Chimbonila,MZ09,MZ0102,n/a,Chuvas e ventos fortes,1,TRUE,0,1/17/2018,n/a,n/a,n/a,n/a,n/a,n/a,n/a,n/a,n/a,n/a,n/a,1,n/a,1,n/a,n/a,n/a,n/a,n/a,n/a,n/a,n/a,n/a,n/a,n/a,n/a,n/a,n/a,n/a,n/a,n/a,n/a
2018-2019,Marco,Zambezia,Chinde,Chinde,n/a,n/a,n/a,Ciclone,n/a,n/a,n/a,3/14/2019,6035,1207,n/a,n/a,1,n/a,1,n/a,838,369,84,3,27,15,7431,52,4,1,n/a,n/a,n/a,n/a,n/a,n/a,n/a,1,n/a,n/a,64,n/a,n/a,n/a
2018-2019,Marco,Zambezia,Chinde,Chinde,MZ04,MZ0403,n/a,Depressao tropical,0,FALSE,0,3/6/2019,n/a,n/a,n/a,n/a,n/a,n/a,n/a,n/a,n/a,n/a,n/a,n/a,n/a,n/a,n/a,n/a,n/a,n/a,n/a,n/a,n/a,n/a,n/a,n/a,n/a,n/a,n/a,n/a,n/a,n/a,n/a,n/a
2017-2018,Janeiro,Cabo_Delgado,Chiure,Chiure,MZ09,MZ0204,n/a,Chuvas e ventos fortes,1,TRUE,0,1/16/2018,1092,184,n/a,n/a,n/a,n/a,n/a,n/a,85,34,59,n/a,n/a,n/a,n/a,n/a,n/a,n/a,n/a,n/a,n/a,2,n/a,n/a,n/a,n/a,n/a,n/a,n/a,n/a,n/a,n/a
2018-2019,Marco,Tete,Chiuta,Chiuta,n/a,n/a,n/a,Ciclone,n/a,n/a,n/a,3/15/2019,n/a,n/a,n/a,n/a,n/a,n/a,n/a,n/a,n/a,n/a,n/a,n/a,n/a,n/a,n/a,n/a,n/a,n/a,n/a,n/a,n/a,n/a,n/a,n/a,n/a,n/a,n/a,n/a,884,700,n/a,n/a
2016-2017,n/a,Gaza,Chokwe,Chokwe,MZ09,MZ0906,n/a,Chuvas e ventos fortes,1,TRUE,0,10/24/2016,0,16,n/a,n/a,0,n/a,n/a,n/a,118,56,n/a,n/a,3,0,n/a,n/a,n/a,n/a,n/a,n/a,n/a,n/a,n/a,n/a,n/a,n/a,n/a,n/a,n/a,n/a,n/a,n/a
2016-2017,n/a,Gaza,Chokwe,Chokwe,MZ09,MZ0906,062/INAM-DAPT/999/2016,Chuvas e ventos fortes,1,TRUE,0,12/24/2016,n/a,n/a,n/a,n/a,n/a,n/a,n/a,n/a,n/a,n/a,n/a,n/a,n/a,n/a,n/a,n/a,n/a,n/a,n/a,n/a,n/a,n/a,n/a,n/a,n/a,n/a,n/a,n/a,n/a,n/a,n/a,n/a
2016-2017,n/a,Gaza,Chokwe,Chokwe,MZ09,MZ0906,n/a,Inundades,0,FALSE,0,3/2/2017,3015,603,n/a,n/a,n/a,n/a,n/a,n/a,7,1,634,n/a,n/a,n/a,n/a,n/a,n/a,n/a,n/a,n/a,n/a,n/a,n/a,n/a,n/a,n/a,n/a,n/a,n/a,n/a,n/a,n/a
2017-2018,Outubro,Gaza,Chokwe,Chokwe,MZ09,MZ0906,n/a,Chuvas e ventos fortes,1,TRUE,0,10/8/2017,1530,306,n/a,n/a,n/a,n/a,n/a,n/a,306,n/a,n/a,2,3,n/a,n/a,n/a,n/a,1,n/a,n/a,n/a,1,n/a,n/a,n/a,n/a,n/a,n/a,n/a,n/a,n/a,n/a
2017-2018,Novembro,Gaza,Chokwe,Chokwe,MZ09,MZ0906,n/a,Ventos fortes,0,TRUE,0,11/15/2017,10,2,n/a,n/a,n/a,n/a,n/a,n/a,2,n/a,n/a,n/a,n/a,n/a,n/a,n/a,n/a,n/a,n/a,n/a,n/a,n/a,n/a,n/a,n/a,n/a,n/a,n/a,n/a,n/a,n/a,n/a
2017-2018,Janeiro,Gaza,Chokwe,Chokwe,MZ09,MZ0906,n/a,Chuvas e ventos fortes,1,TRUE,0,1/2/2018,575,115,n/a,n/a,n/a,3,n/a,n/a,115,n/a,n/a,1,1,n/a,n/a,n/a,1,n/a,n/a,n/a,n/a,1,n/a,n/a,n/a,n/a,n/a,n/a,n/a,n/a,n/a,n/a
2016-2017,n/a,Gaza,Chonguene,Chonguene,MZ09,MZ0913,062/INAM-DAPT/999/2016,Chuvas e ventos fortes,1,TRUE,0,12/24/2016,110,23,n/a,n/a,n/a,n/a,n/a,n/a,22,n/a,n/a,2,4,n/a,n/a,n/a,n/a,1,n/a,n/a,n/a,n/a,n/a,n/a,n/a,n/a,n/a,n/a,n/a,n/a,n/a,n/a
2016-2017,n/a,Gaza,Chonguene,Chonguene,MZ09,MZ0913,n/a,Chuvas fortes,1,FALSE,0,12/28/2016,50,10,n/a,n/a,n/a,n/a,n/a,n/a,n/a,n/a,10,n/a,n/a,n/a,n/a,n/a,n/a,n/a,n/a,n/a,n/a,n/a,n/a,n/a,n/a,n/a,n/a,n/a,n/a,n/a,n/a,n/a
2016-2017,n/a,Gaza,Chonguene,Chonguene,MZ09,MZ0913,n/a,Ciclone,0,FALSE,0,2/15/2017,5,1,n/a,n/a,n/a,n/a,n/a,n/a,1,n/a,n/a,n/a,n/a,n/a,n/a,n/a,n/a,n/a,n/a,n/a,n/a,n/a,n/a,n/a,n/a,n/a,n/a,n/a,n/a,n/a,n/a,n/a
2017-2018,Novembro,Gaza,Chonguene,Chonguene,MZ09,MZ0913,n/a,Chuvas fortes,1,FALSE,0,11/15/2017,20,4,n/a,n/a,n/a,n/a,n/a,n/a,3,1,n/a,n/a,n/a,n/a,n/a,n/a,n/a,n/a,n/a,n/a,n/a,n/a,n/a,n/a,n/a,n/a,n/a,n/a,n/a,n/a,n/a,n/a
2016-2017,n/a,Sofala,Cidade da Beira,Cidade da Beira,MZ07,MZ0701,n/a,Inundades,0,FALSE,0,3/1/2017,368165,73633,n/a,n/a,n/a,n/a,n/a,228833,1158,643,76964,n/a,n/a,n/a,n/a,n/a,n/a,3,n/a,n/a,n/a,7,n/a,n/a,n/a,n/a,n/a,n/a,n/a,n/a,n/a,n/a
2017-2018,Dezembro,Sofala,Cidade da Beira,Cidade da Beira,MZ09,MZ0701,n/a,Chuvas acompanhadas de Trovoadas,1,FALSE,0,12/25/2017,520,104,n/a,n/a,n/a,n/a,3,n/a,n/a,104,n/a,n/a,n/a,n/a,n/a,n/a,n/a,n/a,n/a,n/a,n/a,n/a,n/a,n/a,n/a,n/a,n/a,n/a,n/a,n/a,n/a,n/a
2017-2018,Fevereiro,Sofala,Cidade da Beira,Cidade da Beira,MZ09,MZ0701,n/a,Chuvas fortes,1,FALSE,0,2/12/2018,2050,410,n/a,n/a,n/a,n/a,n/a,n/a,n/a,n/a,410,n/a,n/a,n/a,n/a,n/a,n/a,n/a,n/a,n/a,n/a,n/a,n/a,n/a,n/a,n/a,n/a,n/a,n/a,n/a,n/a,n/a
2017-2018,Abril,Sofala,Cidade da Beira,Cidade da Beira,n/a,n/a,n/a,Chuvas fortes,1,n/a,n/a,4/10/2018,1235,247,n/a,n/a,n/a,n/a,n/a,n/a,n/a,4,247,n/a,n/a,n/a,n/a,n/a,n/a,n/a,n/a,n/a,n/a,n/a,n/a,n/a,n/a,n/a,n/a,n/a,n/a,n/a,n/a,n/a
2018-2019,Marco,Sofala,Cidade da Beira,Cidade da Beira,n/a,n/a,n/a,Ciclone,n/a,,n/a,3/14/2019,436640,87328,n/a,n/a,1348,n/a,123,n/a,63506,23822,n/a,103,787,263,13664,2159,587,19,n/a,n/a,n/a,501,n/a,n/a,10,n/a,n/a,n/a,8000,25706,n/a,n/a
2016-2017,n/a,Maputo,Cidade da Matola,Matola,MZ10,MZ1001,n/a,Chuvas e ventos fortes,1,TRUE,0,12/9/2016,1380,276,n/a,n/a,1,n/a,n/a,n/a,272,4,n/a,1,n/a,n/a,n/a,n/a,n/a,n/a,n/a,n/a,n/a,n/a,n/a,n/a,n/a,n/a,n/a,n/a,n/a,n/a,n/a,n/a
2016-2017,n/a,Maputo,Cidade da Matola,Matola,MZ10,MZ1001,n/a,Chuvas fortes,1,FALSE,0,1/15/2017,3890,778,n/a,n/a,n/a,n/a,n/a,n/a,n/a,2,776,n/a,n/a,n/a,n/a,n/a,n/a,2,n/a,n/a,n/a,n/a,n/a,n/a,n/a,n/a,n/a,n/a,n/a,n/a,n/a,n/a
2016-2017,n/a,Maputo,Cidade da Matola,Matola,MZ10,MZ1001,n/a,Chuvas e ventos fortes,1,TRUE,0,1/25/2017,2745,549,n/a,n/a,n/a,n/a,n/a,n/a,n/a,n/a,549,n/a,n/a,n/a,n/a,n/a,n/a,n/a,n/a,n/a,n/a,n/a,n/a,n/a,n/a,n/a,n/a,n/a,n/a,n/a,n/a,n/a
2017-2018,Novembro,Maputo,Cidade da Matola,Matola,MZ09,MZ1001,n/a,Chuvas e ventos fortes,1,TRUE,0,11/15/2017,45,9,n/a,n/a,n/a,n/a,n/a,n/a,9,n/a,n/a,1,2,n/a,n/a,n/a,n/a,n/a,n/a,n/a,n/a,n/a,n/a,n/a,n/a,n/a,n/a,n/a,n/a,n/a,n/a,n/a
2017-2018,Janeiro,Maputo,Cidade da Matola,Matola,MZ09,MZ1001,006/INAM-DAPT/999/2018,Chuvas e ventos fortes,1,TRUE,0,1/8/2018,145,29,n/a,n/a,n/a,n/a,n/a,n/a,n/a,n/a,29,n/a,n/a,n/a,n/a,n/a,n/a,n/a,n/a,n/a,n/a,n/a,n/a,n/a,n/a,n/a,n/a,n/a,n/a,n/a,n/a,n/a
2017-2018,Janeiro,Maputo,Cidade da Matola,Matola,MZ09,MZ1001,n/a,Chuvas acompanhadas de Trovoadas,1,FALSE,0,1/25/2018,510,102,n/a,n/a,1,n/a,n/a,n/a,n/a,2,100,n/a,n/a,n/a,n/a,n/a,n/a,n/a,n/a,n/a,n/a,n/a,n/a,n/a,n/a,n/a,n/a,n/a,n/a,n/a,n/a,n/a
2017-2018,Fevereiro,Maputo,Cidade da Matola,Matola,MZ09,MZ1001,n/a,Chuvas fortes,1,FALSE,0,2/20/2018,8800,1780,n/a,n/a,n/a,n/a,n/a,n/a,n/a,n/a,1780,1,n/a,n/a,n/a,n/a,n/a,1,n/a,n/a,n/a,n/a,n/a,n/a,n/a,n/a,n/a,n/a,n/a,n/a,n/a,n/a
2016-2017,n/a,Manica,Cidade de Chimoio,Cidade de Chimoio,MZ06,MZ0601,062/INAM-DAPT/999/2016,Chuvas e ventos fortes,1,TRUE,0,12/24/2016,10,2,n/a,n/a,n/a,n/a,n/a,n/a,2,n/a,n/a,n/a,2,n/a,n/a,n/a,n/a,n/a,n/a,n/a,n/a,1,n/a,n/a,n/a,n/a,n/a,n/a,n/a,n/a,n/a,n/a
2016-2017,n/a,Manica,Cidade de Chimoio,Cidade de Chimoio,MZ06,MZ0601,n/a,Chuvas fortes,1,FALSE,0,1/12/2017,25,5,n/a,n/a,n/a,n/a,n/a,n/a,2,3,n/a,n/a,n/a,n/a,n/a,n/a,n/a,n/a,n/a,n/a,n/a,n/a,n/a,n/a,n/a,n/a,n/a,n/a,n/a,n/a,n/a,n/a
2016-2017,n/a,Manica,Cidade de Chimoio,Cidade de Chimoio,MZ06,MZ0601,n/a,Chuvas e ventos fortes,1,TRUE,0,2/7/2017,76,17,n/a,n/a,n/a,n/a,n/a,n/a,44,8,n/a,n/a,n/a,n/a,n/a,n/a,n/a,n/a,n/a,n/a,n/a,n/a,n/a,n/a,n/a,n/a,n/a,n/a,n/a,n/a,n/a,n/a
2017-2018,Outubro,Manica,Cidade de Chimoio,Cidade de Chimoio,MZ09,MZ0601,n/a,Chuvas e ventos fortes,1,TRUE,0,10/10/2017,4535,907,n/a,n/a,1,n/a,n/a,n/a,907,n/a,n/a,n/a,59,2,6705,153,8,2,n/a,n/a,n/a,18,n/a,n/a,n/a,n/a,n/a,n/a,n/a,n/a,n/a,n/a
2017-2018,Janeiro,Manica,Cidade de Chimoio,Cidade de Chimoio,MZ09,MZ0601,n/a,Chuvas e ventos fortes,1,TRUE,0,1/2/2018,10,2,n/a,n/a,n/a,n/a,n/a,n/a,2,n/a,n/a,1,2,n/a,n/a,n/a,n/a,n/a,n/a,n/a,n/a,n/a,n/a,n/a,n/a,n/a,n/a,n/a,n/a,n/a,n/a,n/a
2017-2018,Fevereiro,Manica,Cidade de Chimoio,Cidade de Chimoio,MZ09,MZ0601,n/a,Chuvas e ventos fortes,1,TRUE,0,2/12/2018,38,6,n/a,n/a,n/a,n/a,n/a,n/a,4,2,n/a,n/a,n/a,n/a,n/a,n/a,n/a,n/a,n/a,n/a,n/a,n/a,n/a,n/a,n/a,n/a,n/a,n/a,n/a,n/a,n/a,n/a
2017-2018,Fevereiro,Manica,Cidade de Chimoio,Cidade de Chimoio,MZ09,MZ0601,n/a,Chuvas acompanhadas de Trovoadas,1,FALSE,0,2/16/2018,n/a,n/a,n/a,n/a,n/a,n/a,1,n/a,n/a,n/a,n/a,n/a,n/a,n/a,n/a,n/a,n/a,n/a,n/a,n/a,n/a,n/a,n/a,n/a,n/a,n/a,n/a,n/a,n/a,n/a,n/a,n/a
2018-2019,Marco,Manica,Cidade de Chimoio,Cidade de Chimoio,n/a,n/a,n/a,Ciclone,n/a,n/a,n/a,3/15/2019,36488,8846,n/a,n/a,1,n/a,2,n/a,2502,6988,n/a,9,34,n/a,4080,68,1,1,n/a,n/a,n/a,3,n/a,n/a,n/a,n/a,n/a,n/a,13712,3500,n/a,n/a
2016-2017,n/a,Inhambane,Cidade de Inhambane,Cidade de Inhambane,MZ08,MZ0801,n/a,Chuvas fortes,1,FALSE,0,1/16/2017,531,106,n/a,n/a,n/a,n/a,n/a,n/a,n/a,n/a,106,n/a,n/a,n/a,n/a,n/a,n/a,n/a,n/a,n/a,n/a,n/a,n/a,n/a,n/a,n/a,n/a,n/a,n/a,n/a,n/a,n/a
2016-2017,n/a,Inhambane,Cidade de Inhambane,Cidade de Inhambane,MZ08,MZ0801,n/a,Chuvas e ventos fortes,1,TRUE,0,1/18/2017,1225,245,n/a,n/a,n/a,n/a,n/a,n/a,n/a,n/a,282,n/a,n/a,n/a,n/a,n/a,n/a,n/a,n/a,n/a,n/a,n/a,n/a,n/a,n/a,n/a,n/a,n/a,n/a,n/a,n/a,n/a
2016-2017,n/a,Inhambane,Cidade de Inhambane,Cidade de Inhambane,MZ08,MZ0801,n/a,Ciclone,0,FALSE,0,2/15/2017,70546,13950,n/a,n/a,1,n/a,n/a,n/a,10722,747,n/a,n/a,n/a,181,n/a,n/a,n/a,11,n/a,n/a,n/a,n/a,n/a,n/a,n/a,n/a,n/a,n/a,n/a,n/a,n/a,n/a
2017-2018,Novembro,Niassa,Cidade de Lichinga,Cidade de Lichinga,MZ09,MZ0101,n/a,Ventos fortes,0,TRUE,0,11/23/2017,44,16,n/a,n/a,1,n/a,n/a,n/a,4,16,n/a,1,3,2,915,n/a,n/a,n/a,n/a,n/a,n/a,3,n/a,n/a,n/a,1,n/a,n/a,n/a,n/a,n/a,n/a
2017-2018,Janeiro,Niassa,Cidade de Lichinga,Cidade de Lichinga,MZ09,MZ0101,n/a,Chuvas e ventos fortes,1,TRUE,0,1/18/2018,120,24,n/a,n/a,n/a,n/a,n/a,n/a,23,1,n/a,n/a,n/a,n/a,n/a,n/a,n/a,n/a,n/a,n/a,n/a,n/a,n/a,n/a,n/a,n/a,n/a,n/a,n/a,n/a,n/a,n/a
2017-2018,Janeiro,Niassa,Cidade de Lichinga,Cidade de Lichinga,MZ09,MZ0101,n/a,Chuvas fortes,1,FALSE,0,1/23/2018,120,24,n/a,n/a,n/a,n/a,n/a,n/a,23,1,n/a,n/a,n/a,n/a,n/a,n/a,n/a,n/a,n/a,n/a,n/a,n/a,n/a,n/a,n/a,n/a,n/a,n/a,n/a,n/a,n/a,n/a
2017-2018,Janeiro,Niassa,Cidade de Lichinga,Cidade de Lichinga,MZ09,MZ0101,n/a,Chuvas fortes,1,FALSE,0,1/25/2018,n/a,n/a,n/a,n/a,n/a,n/a,n/a,n/a,n/a,n/a,n/a,n/a,n/a,n/a,n/a,n/a,1,n/a,n/a,n/a,n/a,n/a,n/a,n/a,n/a,n/a,n/a,n/a,n/a,n/a,n/a,n/a
2017-2018,Janeiro,Nampula,Cidade de Nampula,Cidade de Nampula,MZ09,MZ0301,n/a,Chuvas e ventos fortes,1,TRUE,0,1/15/2018,1440,288,n/a,n/a,n/a,n/a,n/a,n/a,228,60,n/a,n/a,8,12,n/a,n/a,n/a,n/a,n/a,n/a,n/a,3,n/a,n/a,n/a,n/a,n/a,n/a,n/a,n/a,n/a,n/a
2017-2018,Fevereiro,Nampula,Cidade de Nampula,Cidade de Nampula,MZ09,MZ0301,n/a,Chuvas e ventos fortes,1,TRUE,0,2/9/2018,n/a,n/a,n/a,n/a,1,n/a,n/a,n/a,n/a,n/a,n/a,n/a,n/a,n/a,n/a,n/a,n/a,n/a,n/a,n/a,n/a,n/a,n/a,n/a,n/a,n/a,n/a,n/a,n/a,n/a,n/a,n/a
2016-2017,n/a,Cabo_Delgado,Cidade de Pemba,Cidade de Pemba,MZ02,MZ0201,n/a,Chuvas fortes,1,FALSE,0,2/9/2017,n/a,n/a,n/a,n/a,1,n/a,n/a,n/a,n/a,n/a,n/a,n/a,n/a,n/a,n/a,n/a,n/a,n/a,n/a,n/a,n/a,n/a,n/a,n/a,n/a,n/a,n/a,n/a,n/a,n/a,n/a,n/a
2017-2018,Dezembro,Cabo_Delgado,Cidade de Pemba,Cidade de Pemba,MZ09,MZ0201,n/a,Chuvas fortes,1,FALSE,0,12/16/2017,n/a,n/a,n/a,n/a,n/a,n/a,n/a,n/a,11,n/a,28,n/a,n/a,n/a,n/a,n/a,n/a,n/a,n/a,n/a,n/a,n/a,n/a,n/a,n/a,n/a,n/a,n/a,n/a,n/a,n/a,n/a
2016-2017,n/a,Zambezia,Cidade de Quelimane,Cidade de Quelimane,MZ04,MZ0401,n/a,Chuvas e ventos fortes,1,TRUE,0,11/5/2016,n/a,n/a,n/a,n/a,n/a,n/a,n/a,n/a,n/a,n/a,n/a,1,2,n/a,150,4,n/a,n/a,n/a,n/a,n/a,n/a,n/a,n/a,n/a,n/a,n/a,n/a,n/a,n/a,n/a,n/a
2016-2017,n/a,Tete,Cidade de Tete,Cidade de Tete,MZ05,MZ0501,n/a,Ventos fortes,0,TRUE,0,11/20/2016,45,9,n/a,n/a,n/a,n/a,n/a,n/a,8,1,n/a,n/a,n/a,n/a,n/a,n/a,n/a,n/a,n/a,n/a,n/a,n/a,n/a,n/a,n/a,n/a,n/a,n/a,n/a,n/a,n/a,n/a
2016-2017,n/a,Tete,Cidade de Tete,Cidade de Tete,MZ05,MZ0501,n/a,Ventos fortes,0,TRUE,0,11/26/2016,n/a,n/a,n/a,n/a,n/a,n/a,n/a,n/a,n/a,n/a,n/a,1,n/a,n/a,n/a,n/a,n/a,n/a,n/a,n/a,n/a,n/a,n/a,n/a,n/a,n/a,n/a,n/a,n/a,n/a,n/a,n/a
2016-2017,n/a,Tete,Cidade de Tete,Cidade de Tete,MZ05,MZ0501,n/a,Chuvas e ventos fortes,1,TRUE,0,12/5/2016,10,2,n/a,n/a,n/a,n/a,n/a,n/a,2,n/a,n/a,n/a,n/a,n/a,n/a,n/a,n/a,n/a,n/a,n/a,n/a,n/a,n/a,n/a,n/a,n/a,n/a,n/a,n/a,n/a,n/a,n/a
2016-2017,n/a,Tete,Cidade de Tete,Cidade de Tete,MZ05,MZ0501,n/a,Chuvas e ventos fortes,1,TRUE,0,1/18/2017,55,11,n/a,n/a,n/a,n/a,n/a,n/a,4,2,5,n/a,n/a,n/a,n/a,n/a,n/a,n/a,n/a,n/a,n/a,n/a,n/a,n/a,n/a,n/a,n/a,n/a,n/a,n/a,n/a,n/a
2016-2017,n/a,Tete,Cidade de Tete,Cidade de Tete,MZ05,MZ0501,n/a,Chuvas e ventos fortes,1,TRUE,0,1/21/2017,35,7,n/a,n/a,n/a,n/a,n/a,n/a,7,n/a,n/a,n/a,n/a,n/a,n/a,n/a,n/a,n/a,n/a,n/a,n/a,n/a,n/a,n/a,n/a,n/a,n/a,n/a,n/a,n/a,n/a,n/a
2016-2017,n/a,Tete,Cidade de Tete,Cidade de Tete,MZ05,MZ0501,n/a,Chuvas e ventos fortes,1,TRUE,0,1/19/2017,370,74,n/a,n/a,n/a,n/a,n/a,n/a,50,24,n/a,n/a,n/a,n/a,n/a,n/a,n/a,n/a,n/a,n/a,n/a,n/a,n/a,n/a,n/a,n/a,n/a,n/a,n/a,n/a,n/a,n/a
2016-2017,n/a,Tete,Cidade de Tete,Cidade de Tete,MZ05,MZ0501,n/a,Chuvas e ventos fortes,1,TRUE,0,2/6/2017,15,3,n/a,n/a,n/a,n/a,n/a,n/a,1,2,n/a,n/a,n/a,n/a,n/a,n/a,n/a,n/a,n/a,n/a,n/a,n/a,n/a,n/a,n/a,n/a,n/a,n/a,n/a,n/a,n/a,n/a
2016-2017,n/a,Tete,Cidade de Tete,Cidade de Tete,MZ05,MZ0501,n/a,Chuvas e ventos fortes,1,TRUE,0,2/7/2017,5,1,n/a,n/a,n/a,n/a,n/a,n/a,n/a,1,n/a,n/a,n/a,n/a,n/a,n/a,n/a,n/a,n/a,n/a,n/a,n/a,n/a,n/a,n/a,n/a,n/a,n/a,n/a,n/a,n/a,n/a
2016-2017,n/a,Tete,Cidade de Tete,Cidade de Tete,MZ05,MZ0501,n/a,Descarga atmosferica,0,FALSE,1,2/7/2017,n/a,n/a,n/a,n/a,3,n/a,n/a,n/a,n/a,n/a,n/a,n/a,n/a,n/a,n/a,n/a,n/a,n/a,n/a,n/a,n/a,n/a,n/a,n/a,n/a,n/a,n/a,n/a,n/a,n/a,n/a,n/a
2016-2017,n/a,Tete,Cidade de Tete,Cidade de Tete,MZ05,MZ0501,n/a,Chuvas e ventos fortes,1,TRUE,0,2/9/2017,80,16,n/a,n/a,n/a,n/a,n/a,n/a,15,1,n/a,n/a,n/a,n/a,n/a,n/a,n/a,n/a,n/a,n/a,n/a,n/a,n/a,n/a,n/a,n/a,n/a,n/a,n/a,n/a,n/a,n/a
2017-2018,Janeiro,Tete,Cidade de Tete,Cidade de Tete,MZ09,MZ0501,n/a,Ventos fortes,0,TRUE,0,1/3/2018,30,6,n/a,n/a,n/a,n/a,n/a,n/a,6,n/a,n/a,1,9,n/a,n/a,n/a,1,n/a,n/a,n/a,n/a,n/a,n/a,n/a,n/a,n/a,n/a,n/a,n/a,n/a,n/a,n/a
2017-2018,Janeiro,Tete,Cidade de Tete,Cidade de Tete,MZ09,MZ0501,n/a,Chuvas e ventos fortes,1,TRUE,0,1/4/2018,115,23,n/a,n/a,n/a,n/a,n/a,n/a,23,n/a,n/a,n/a,n/a,n/a,n/a,n/a,1,n/a,n/a,n/a,n/a,n/a,n/a,n/a,n/a,n/a,n/a,n/a,n/a,n/a,n/a,n/a
2017-2018,Janeiro,Tete,Cidade de Tete,Cidade de Tete,MZ09,MZ0501,n/a,Chuvas e ventos fortes,1,TRUE,0,1/9/2018,135,27,n/a,n/a,n/a,n/a,n/a,n/a,27,n/a,n/a,1,n/a,n/a,n/a,n/a,n/a,1,n/a,n/a,n/a,n/a,n/a,n/a,n/a,n/a,n/a,n/a,n/a,n/a,n/a,n/a
2017-2018,Fevereiro,Tete,Cidade de Tete,Cidade de Tete,MZ09,MZ0501,n/a,Chuvas e ventos fortes,1,TRUE,0,2/27/2018,295,59,n/a,n/a,n/a,n/a,3,n/a,37,22,n/a,n/a,n/a,n/a,n/a,n/a,n/a,n/a,n/a,n/a,n/a,n/a,n/a,n/a,n/a,n/a,n/a,n/a,n/a,n/a,n/a,n/a
2017-2018,Marco,Tete,Cidade de Tete,Cidade de Tete,MZ09,MZ0501,n/a,Chuvas e ventos fortes,1,TRUE,0,3/1/2018,15,3,n/a,n/a,n/a,3,n/a,n/a,2,1,n/a,n/a,n/a,n/a,n/a,n/a,n/a,n/a,n/a,n/a,n/a,n/a,n/a,n/a,n/a,n/a,n/a,n/a,n/a,n/a,n/a,n/a
2018-2019,Marco,Tete,Cidade de Tete,Cidade de Tete,MZ05,MZ0501,n/a,Depressao tropical,0,FALSE,0,3/8/2019,5051,997,n/a,n/a,n/a,6,6,n/a,187,844,933,4,n/a,n/a,999,n/a,20,n/a,n/a,n/a,n/a,n/a,n/a,n/a,n/a,n/a,n/a,n/a,313,986,n/a,n/a
2016-2017,n/a,Gaza,Cidade de Xai-Xai,Cidade de Xai-Xai,MZ09,MZ0901,n/a,Chuvas e ventos fortes,1,TRUE,0,10/24/2016,130,26,n/a,n/a,0,n/a,n/a,n/a,30,5,n/a,n/a,1,0,n/a,n/a,n/a,n/a,n/a,n/a,n/a,n/a,n/a,n/a,n/a,n/a,n/a,n/a,n/a,n/a,n/a,n/a
2016-2017,n/a,Gaza,Cidade de Xai-Xai,Cidade de Xai-Xai,MZ09,MZ0901,n/a,Chuvas fortes,1,FALSE,0,12/28/2016,50,10,n/a,n/a,n/a,n/a,n/a,n/a,n/a,n/a,10,n/a,n/a,n/a,n/a,n/a,n/a,n/a,n/a,n/a,n/a,n/a,n/a,n/a,n/a,n/a,n/a,n/a,n/a,n/a,n/a,n/a
2016-2017,n/a,Gaza,Cidade de Xai-Xai,Cidade de Xai-Xai,MZ09,MZ0901,n/a,Ciclone,0,FALSE,0,2/15/2017,n/a,n/a,n/a,n/a,n/a,n/a,n/a,n/a,n/a,n/a,n/a,2,5,n/a,600,12,n/a,n/a,n/a,n/a,n/a,n/a,n/a,n/a,n/a,n/a,n/a,n/a,n/a,n/a,n/a,n/a
2017-2018,Novembro,Gaza,Cidade de Xai-Xai,Cidade de Xai-Xai,MZ09,MZ0901,n/a,Chuvas e ventos fortes,1,TRUE,0,11/15/2017,n/a,n/a,n/a,n/a,n/a,n/a,n/a,n/a,n/a,n/a,n/a,n/a,n/a,n/a,n/a,n/a,n/a,n/a,n/a,n/a,1,n/a,n/a,n/a,n/a,n/a,n/a,n/a,n/a,n/a,n/a,n/a
2016-2017,n/a,Zambezia,Dere,Derre,MZ04,MZ0404,n/a,Chuvas e ventos fortes,1,TRUE,0,11/5/2016,n/a,n/a,n/a,n/a,n/a,n/a,n/a,n/a,n/a,n/a,n/a,1,1,n/a,53,3,n/a,n/a,n/a,n/a,n/a,n/a,n/a,n/a,n/a,n/a,n/a,n/a,n/a,n/a,n/a,n/a
2017-2018,Dezembro,Zambezia,Dere,Derre,MZ09,MZ0404,n/a,Chuvas fortes,1,FALSE,0,12/27/2017,150,30,n/a,n/a,n/a,n/a,n/a,n/a,28,2,n/a,n/a,n/a,n/a,n/a,n/a,n/a,n/a,n/a,n/a,n/a,n/a,n/a,n/a,n/a,n/a,n/a,n/a,n/a,n/a,n/a,n/a
2017-2018,Janeiro,Tete,Doa,Doa,MZ09,MZ0507,n/a,Chuvas e ventos fortes,1,TRUE,0,1/4/2018,10,2,n/a,n/a,n/a,n/a,n/a,n/a,2,n/a,n/a,n/a,n/a,n/a,n/a,n/a,n/a,n/a,n/a,n/a,n/a,n/a,n/a,n/a,n/a,n/a,n/a,n/a,n/a,n/a,n/a,n/a
2018-2019,Marco,Tete,Doa,Doa,MZ05,MZ0507,n/a,Depressao tropical,0,FALSE,0,3/8/2019,7790,1558,n/a,n/a,n/a,n/a,n/a,n/a,n/a,51,1039,1,2,n/a,338,n/a,3,n/a,n/a,n/a,n/a,n/a,n/a,n/a,n/a,n/a,n/a,n/a,4217,1004,n/a,n/a
2016-2017,n/a,Sofala,Dondo,Dondo,MZ07,MZ0707,n/a,Chuvas fortes,1,FALSE,0,12/18/2016,n/a,n/a,n/a,n/a,n/a,n/a,n/a,n/a,n/a,n/a,n/a,n/a,n/a,n/a,n/a,n/a,n/a,n/a,n/a,n/a,n/a,n/a,n/a,n/a,n/a,n/a,n/a,n/a,n/a,n/a,n/a,n/a
2017-2018,Fevereiro,Sofala,Dondo,Dondo,MZ09,MZ0707,n/a,Chuvas fortes,1,FALSE,0,2/1/2018,225,45,n/a,n/a,n/a,n/a,n/a,n/a,n/a,19,26,n/a,n/a,n/a,n/a,n/a,n/a,n/a,n/a,n/a,n/a,n/a,n/a,n/a,n/a,n/a,n/a,n/a,n/a,n/a,n/a,n/a
2018-2019,Marco,Sofala,Dondo,Dondo,n/a,n/a,n/a,Ciclone,n/a,n/a,n/a,3/14/2019,166511,33302,n/a,n/a,127,n/a,38,n/a,4823,13557,n/a,58,630,210,61451,1347,n/a,n/a,n/a,n/a,n/a,7,n/a,n/a,n/a,n/a,n/a,n/a,8500,22092,n/a,n/a
2016-2017,n/a,Nampula,Erati,Erati,MZ03,MZ0303,n/a,Chuvas e ventos fortes,1,TRUE,0,12/2/2016,2,1,n/a,n/a,n/a,n/a,n/a,n/a,1,n/a,n/a,n/a,n/a,n/a,n/a,n/a,1,n/a,n/a,n/a,n/a,n/a,n/a,n/a,n/a,n/a,n/a,n/a,n/a,n/a,n/a,n/a
2016-2017,n/a,Inhambane,Funhalouro,Funhalouro,MZ08,MZ0802,n/a,Ciclone,0,FALSE,0,2/15/2017,10870,2174,n/a,n/a,n/a,n/a,n/a,n/a,25,1,n/a,n/a,n/a,8,n/a,n/a,n/a,2,n/a,n/a,n/a,n/a,n/a,n/a,n/a,n/a,n/a,n/a,n/a,n/a,n/a,n/a
2017-2018,Outubro,Manica,Gondola,Gondola,MZ09,MZ0603,n/a,Chuvas e ventos fortes,1,TRUE,0,10/10/2017,1340,268,n/a,n/a,n/a,n/a,n/a,n/a,268,n/a,n/a,n/a,n/a,n/a,n/a,n/a,n/a,n/a,n/a,n/a,n/a,n/a,n/a,n/a,n/a,n/a,n/a,n/a,n/a,n/a,n/a,n/a
2017-2018,Janeiro,Manica,Gondola,Gondola,MZ09,MZ0603,n/a,Chuvas e ventos fortes,1,TRUE,0,1/2/2018,60,12,n/a,n/a,n/a,n/a,n/a,n/a,12,n/a,n/a,2,3,n/a,n/a,n/a,n/a,n/a,n/a,n/a,n/a,n/a,n/a,n/a,n/a,1,n/a,n/a,n/a,n/a,n/a,n/a
2017-2018,Fevereiro,Manica,Gondola,Gondola,MZ09,MZ0603,n/a,Chuvas e ventos fortes,1,TRUE,0,2/15/2018,45,9,n/a,n/a,n/a,n/a,n/a,n/a,8,1,n/a,n/a,n/a,n/a,n/a,n/a,n/a,n/a,n/a,n/a,n/a,n/a,n/a,n/a,n/a,n/a,n/a,n/a,n/a,n/a,n/a,n/a
2017-2018,Fevereiro,Manica,Gondola,Gondola,MZ09,MZ0603,n/a,Chuvas e ventos fortes,1,TRUE,0,2/27/2018,65,13,n/a,n/a,n/a,n/a,n/a,n/a,12,1,n/a,n/a,n/a,n/a,n/a,n/a,n/a,n/a,n/a,n/a,n/a,n/a,n/a,n/a,n/a,n/a,n/a,n/a,n/a,n/a,n/a,n/a
2018-2019,Marco,Manica,Gondola,Gondola,n/a,n/a,n/a,Ciclone,n/a,n/a,n/a,3/15/2019,60925,10691,n/a,n/a,n/a,n/a,2,n/a,6455,12967,n/a,46,72,73,13346,280,12,5,n/a,n/a,n/a,5,n/a,n/a,n/a,n/a,n/a,171,81131,11959,n/a,n/a
2016-2017,n/a,Sofala,Gorongosa,Gorongosa,MZ07,MZ0708,n/a,Chuvas e ventos fortes,1,TRUE,0,11/20/2016,330,66,n/a,n/a,1,n/a,n/a,n/a,65,1,0,n/a,n/a,n/a,n/a,n/a,n/a,n/a,n/a,n/a,n/a,n/a,n/a,n/a,n/a,n/a,n/a,n/a,n/a,n/a,n/a,n/a
2018-2019,Marco,Sofala,Gorongosa,Gorongosa,n/a,n/a,n/a,Ciclone,n/a,n/a,n/a,3/15/2019,28460,5692,n/a,n/a,n/a,n/a,n/a,n/a,n/a,2176,n/a,17,47,n/a,4700,n/a,n/a,n/a,n/a,n/a,n/a,n/a,n/a,n/a,n/a,n/a,n/a,n/a,14448,21161,n/a,n/a
2016-2017,n/a,Inhambane,Govuro,Govuro,MZ08,MZ0803,n/a,Chuvas fortes,1,FALSE,0,1/17/2017,1829,507,6000,1200,2,n/a,n/a,n/a,n/a,160,243,2,n/a,n/a,74,7,n/a,n/a,n/a,n/a,n/a,n/a,n/a,n/a,n/a,n/a,n/a,27,n/a,n/a,n/a,n/a
2016-2017,n/a,Inhambane,Govuro,Govuro,MZ08,MZ0803,n/a,Inundades,0,FALSE,0,3/4/2017,1820,364,n/a,n/a,n/a,n/a,n/a,n/a,10,28,364,n/a,n/a,n/a,n/a,n/a,n/a,n/a,n/a,n/a,n/a,n/a,n/a,n/a,n/a,n/a,n/a,n/a,n/a,n/a,n/a,n/a
2018-2019,Marco,Inhambane,Govuro,Govuro,n/a,n/a,n/a,Ciclone,n/a,n/a,n/a,3/14/2019,150,30,n/a,n/a,n/a,n/a,n/a,n/a,27,5,n/a,1,10,n/a,n/a,n/a,1,1,n/a,n/a,n/a,4,n/a,n/a,n/a,n/a,n/a,n/a,n/a,n/a,n/a,n/a
2016-2017,n/a,Gaza,Guija,Guija,MZ09,MZ0907,n/a,Chuvas e ventos fortes,1,TRUE,0,10/24/2016,1460,292,n/a,n/a,1,n/a,n/a,n/a,373,66,n/a,n/a,2,0,n/a,n/a,n/a,n/a,n/a,n/a,n/a,n/a,n/a,n/a,n/a,n/a,n/a,n/a,n/a,n/a,n/a,n/a
2016-2017,n/a,Gaza,Guija,Guija,MZ09,MZ0907,062/INAM-DAPT/999/2016,Chuvas fortes,1,FALSE,0,12/24/2016,n/a,n/a,n/a,n/a,n/a,n/a,n/a,n/a,n/a,n/a,n/a,n/a,n/a,n/a,n/a,n/a,n/a,n/a,n/a,n/a,n/a,n/a,n/a,n/a,n/a,n/a,n/a,n/a,n/a,n/a,n/a,n/a
2016-2017,n/a,Gaza,Guija,Guija,MZ09,MZ0907,n/a,Inundades,0,FALSE,0,3/3/2017,1859,372,n/a,n/a,n/a,n/a,n/a,n/a,n/a,n/a,n/a,n/a,n/a,n/a,n/a,n/a,n/a,n/a,n/a,n/a,n/a,n/a,n/a,n/a,n/a,n/a,n/a,n/a,n/a,n/a,n/a,n/a
2017-2018,Outubro,Gaza,Guija,Guija,MZ09,MZ0907,n/a,Chuvas e ventos fortes,1,TRUE,0,10/8/2017,290,58,n/a,n/a,n/a,n/a,n/a,n/a,58,n/a,n/a,6,13,n/a,n/a,n/a,n/a,n/a,n/a,n/a,n/a,n/a,n/a,n/a,n/a,n/a,n/a,n/a,n/a,n/a,n/a,n/a
2017-2018,Novembro,Gaza,Guija,Guija,MZ09,MZ0907,n/a,Ventos fortes,0,TRUE,0,11/15/2017,1550,310,n/a,n/a,1,n/a,n/a,n/a,310,n/a,n/a,1,4,n/a,n/a,n/a,n/a,n/a,n/a,n/a,n/a,n/a,n/a,n/a,n/a,n/a,n/a,n/a,n/a,n/a,n/a,n/a
2017-2018,Janeiro,Gaza,Guija,Guija,MZ09,MZ0907,n/a,Chuvas e ventos fortes,1,TRUE,0,1/2/2018,335,67,n/a,n/a,1,n/a,n/a,n/a,67,n/a,n/a,2,5,n/a,n/a,n/a,n/a,n/a,n/a,n/a,n/a,2,n/a,n/a,n/a,n/a,n/a,n/a,n/a,n/a,n/a,n/a
2017-2018,Fevereiro,Manica,Guro,Guro,MZ09,MZ0604,n/a,Chuvas e ventos fortes,1,TRUE,0,2/15/2018,n/a,n/a,n/a,n/a,n/a,n/a,n/a,n/a,n/a,n/a,n/a,1,n/a,n/a,n/a,n/a,n/a,n/a,n/a,n/a,n/a,6,n/a,n/a,n/a,n/a,n/a,n/a,n/a,n/a,n/a,n/a
2018-2019,Marco,Manica,Guro,Guro,n/a,n/a,n/a,Ciclone,n/a,n/a,n/a,3/15/2019,n/a,n/a,n/a,n/a,n/a,n/a,2,n/a,n/a,n/a,n/a,2,3,3,388,8,n/a,n/a,n/a,n/a,n/a,n/a,n/a,n/a,n/a,n/a,n/a,n/a,n/a,n/a,n/a,n/a
2016-2017,n/a,Zambezia,Gurue,Gurue,MZ04,MZ0406,n/a,Chuvas e ventos fortes,1,TRUE,0,12/5/2016,270,54,n/a,n/a,n/a,n/a,n/a,n/a,54,n/a,n/a,4,4,n/a,n/a,6,1,n/a,n/a,n/a,n/a,n/a,n/a,n/a,n/a,n/a,n/a,n/a,n/a,n/a,n/a,n/a
2017-2018,Novembro,Zambezia,Gurue,Gurue,MZ09,MZ0406,n/a,Chuvas e ventos fortes,1,TRUE,0,11/20/2017,860,172,n/a,n/a,n/a,n/a,n/a,n/a,172,n/a,n/a,n/a,6,n/a,n/a,n/a,4,n/a,n/a,n/a,n/a,n/a,n/a,n/a,n/a,n/a,n/a,n/a,n/a,n/a,n/a,n/a
2016-2017,n/a,Inhambane,Homoine,HomoÃ­ne,MZ08,MZ0804,n/a,Ventos fortes,0,TRUE,0,11/14/2016,85,17,n/a,n/a,n/a,n/a,n/a,n/a,17,n/a,n/a,n/a,n/a,n/a,n/a,n/a,n/a,n/a,n/a,n/a,n/a,n/a,n/a,n/a,n/a,n/a,n/a,n/a,n/a,n/a,n/a,n/a
2016-2017,n/a,Inhambane,Homoine,HomoÃ­ne,MZ08,MZ0804,n/a,Chuvas e ventos fortes,1,TRUE,0,1/18/2017,n/a,n/a,n/a,n/a,n/a,n/a,n/a,n/a,n/a,n/a,n/a,n/a,n/a,n/a,n/a,n/a,n/a,n/a,n/a,n/a,n/a,n/a,n/a,n/a,n/a,n/a,n/a,n/a,n/a,n/a,n/a,n/a
2016-2017,n/a,Inhambane,Homoine,HomoÃ­ne,MZ08,MZ0804,n/a,Ciclone,0,FALSE,0,2/15/2017,77675,15535,n/a,n/a,n/a,n/a,n/a,n/a,1940,207,n/a,n/a,n/a,431,n/a,n/a,n/a,4,n/a,n/a,n/a,n/a,n/a,n/a,n/a,n/a,n/a,n/a,n/a,n/a,n/a,n/a
2016-2017,n/a,Zambezia,Ile,Ile,MZ04,MZ0407,n/a,Descarga atmosferica,0,FALSE,1,11/19/2016,8,1,n/a,n/a,n/a,n/a,n/a,n/a,n/a,1,n/a,n/a,n/a,n/a,n/a,n/a,n/a,n/a,n/a,n/a,n/a,n/a,n/a,n/a,n/a,n/a,n/a,n/a,n/a,n/a,n/a,n/a
2016-2017,n/a,Zambezia,Ile,Ile,MZ04,MZ0407,n/a,Ventos fortes,0,TRUE,0,10/30/2016,n/a,n/a,n/a,n/a,n/a,n/a,n/a,n/a,19,n/a,n/a,n/a,3,n/a,n/a,n/a,n/a,n/a,n/a,n/a,n/a,n/a,n/a,n/a,n/a,n/a,n/a,n/a,n/a,n/a,n/a,n/a
2017-2018,Dezembro,Nampula,Ilha de Mocambique,Cidade de Ilha de Moc,MZ09,MZ0304,n/a,Descarga atmosferica,0,FALSE,1,12/26/2017,n/a,n/a,n/a,n/a,n/a,2,2,n/a,n/a,n/a,n/a,n/a,n/a,n/a,n/a,n/a,n/a,n/a,n/a,n/a,n/a,n/a,n/a,n/a,n/a,n/a,n/a,n/a,n/a,n/a,n/a,n/a
2017-2018,Janeiro,Nampula,Ilha de Mocambique,Cidade de Ilha de Moc,MZ09,MZ0304,n/a,Chuvas e ventos fortes,1,TRUE,0,1/15/2018,3430,686,n/a,n/a,n/a,n/a,n/a,n/a,686,n/a,n/a,n/a,35,n/a,n/a,n/a,n/a,n/a,n/a,n/a,n/a,38,n/a,n/a,n/a,n/a,n/a,1,n/a,n/a,n/a,n/a
2017-2018,Janeiro,Nampula,Ilha de Mocambique,Cidade de Ilha de Moc,MZ09,MZ0304,n/a,Chuvas fortes,1,FALSE,0,1/16/2018,n/a,n/a,n/a,n/a,n/a,n/a,n/a,n/a,n/a,n/a,n/a,n/a,n/a,n/a,n/a,n/a,n/a,n/a,n/a,n/a,n/a,n/a,n/a,n/a,n/a,n/a,n/a,n/a,n/a,n/a,n/a,n/a
2016-2017,n/a,Inhambane,Inharrime,Inharrime,MZ08,MZ0805,n/a,Ciclone,0,FALSE,0,2/15/2017,276,90,n/a,n/a,4,n/a,n/a,n/a,115,12,n/a,n/a,n/a,31,n/a,n/a,n/a,5,n/a,n/a,n/a,n/a,n/a,n/a,n/a,n/a,n/a,n/a,n/a,n/a,n/a,n/a
2016-2017,n/a,Inhambane,Jangamo,Jangamo,MZ08,MZ0807,n/a,Ciclone,0,FALSE,0,2/15/2017,11359,2268,n/a,n/a,4,n/a,n/a,n/a,1978,279,n/a,n/a,n/a,151,n/a,n/a,n/a,7,n/a,n/a,n/a,n/a,n/a,n/a,n/a,n/a,n/a,n/a,n/a,n/a,n/a,n/a
2016-2017,n/a,Maputo_Cidade,KaMavota,KaMavota,MZ11,MZ1104,n/a,Chuvas e ventos fortes,1,TRUE,0,11/12/2016,65,13,n/a,n/a,n/a,n/a,n/a,n/a,2,n/a,11,1,n/a,n/a,n/a,n/a,n/a,n/a,n/a,n/a,n/a,3,n/a,n/a,n/a,n/a,n/a,n/a,n/a,n/a,n/a,n/a
2016-2017,n/a,Maputo_Cidade,KaMavota,KaMavota,MZ11,MZ1104,062/INAM-DAPT/999/2016,Chuvas e ventos fortes,1,TRUE,0,12/24/2016,n/a,n/a,n/a,n/a,n/a,n/a,n/a,n/a,n/a,n/a,n/a,n/a,n/a,n/a,n/a,n/a,n/a,1,n/a,n/a,n/a,1,n/a,n/a,n/a,n/a,n/a,n/a,n/a,n/a,n/a,n/a
2016-2017,n/a,Maputo_Cidade,KaMavota,KaMavota,MZ11,MZ1104,n/a,Chuvas fortes,1,FALSE,0,1/15/2017,2450,490,n/a,n/a,n/a,n/a,n/a,n/a,n/a,2,488,n/a,n/a,n/a,n/a,n/a,n/a,1,n/a,n/a,n/a,n/a,n/a,n/a,n/a,n/a,n/a,n/a,n/a,n/a,n/a,n/a
2016-2017,n/a,Maputo_Cidade,KaMavota,KaMavota,MZ11,MZ1104,n/a,Ciclone,0,FALSE,0,2/15/2017,40,8,n/a,n/a,n/a,n/a,n/a,n/a,n/a,n/a,8,n/a,n/a,n/a,n/a,n/a,n/a,n/a,n/a,n/a,n/a,n/a,n/a,n/a,n/a,n/a,n/a,n/a,n/a,n/a,n/a,n/a
2016-2017,n/a,Maputo_Cidade,KaMavota,KaMavota,MZ11,MZ1104,n/a,Inundades,0,FALSE,0,3/3/2017,310,62,n/a,n/a,n/a,n/a,n/a,n/a,n/a,n/a,62,n/a,n/a,n/a,n/a,n/a,n/a,n/a,n/a,n/a,n/a,n/a,n/a,n/a,n/a,n/a,n/a,n/a,n/a,n/a,n/a,n/a
2017-2018,Novembro,Maputo_Cidade,KaMavota,KaMavota,MZ09,MZ1104,n/a,Chuvas e ventos fortes,1,TRUE,0,11/15/2017,35,7,n/a,n/a,n/a,n/a,n/a,n/a,n/a,n/a,47,n/a,n/a,n/a,n/a,n/a,n/a,n/a,n/a,n/a,n/a,15,n/a,n/a,n/a,n/a,n/a,n/a,n/a,n/a,n/a,n/a
2017-2018,Janeiro,Maputo_Cidade,KaMavota,KaMavota,MZ09,MZ1104,n/a,Chuvas fortes,1,FALSE,0,1/8/2018,3385,678,n/a,n/a,n/a,n/a,n/a,n/a,n/a,n/a,678,n/a,n/a,n/a,n/a,n/a,n/a,n/a,n/a,n/a,n/a,n/a,n/a,n/a,n/a,n/a,n/a,n/a,n/a,n/a,n/a,n/a
2017-2018,Janeiro,Maputo_Cidade,KaMavota,KaMavota,MZ09,MZ1104,n/a,Chuvas fortes,1,FALSE,0,1/8/2018,555,91,n/a,n/a,n/a,n/a,n/a,n/a,n/a,n/a,91,n/a,n/a,n/a,n/a,n/a,n/a,n/a,n/a,n/a,n/a,n/a,n/a,n/a,n/a,n/a,n/a,n/a,n/a,n/a,n/a,n/a
2017-2018,Fevereiro,Maputo_Cidade,KaMavota,KaMavota,MZ09,MZ1104,n/a,Chuvas fortes,1,FALSE,0,2/19/2018,7500,1500,n/a,n/a,4,2,16,n/a,n/a,6,1500,n/a,n/a,n/a,n/a,n/a,n/a,n/a,n/a,n/a,n/a,n/a,n/a,n/a,n/a,n/a,n/a,n/a,n/a,n/a,n/a,n/a
2016-2017,n/a,Maputo_Cidade,KaMaxakeni,KaMaxakeni,MZ11,MZ1103,n/a,Ventos fortes,0,TRUE,0,11/12/2016,5,1,n/a,n/a,n/a,n/a,n/a,n/a,n/a,1,n/a,n/a,n/a,n/a,n/a,n/a,n/a,n/a,n/a,n/a,n/a,n/a,n/a,n/a,n/a,n/a,n/a,n/a,n/a,n/a,n/a,n/a
2016-2017,n/a,Maputo_Cidade,KaMaxakeni,KaMaxakeni,MZ11,MZ1103,n/a,Chuvas fortes,1,FALSE,0,1/15/2017,205,41,n/a,n/a,n/a,n/a,n/a,n/a,1,4,6,n/a,n/a,n/a,n/a,n/a,n/a,n/a,n/a,n/a,n/a,n/a,n/a,n/a,n/a,n/a,n/a,n/a,n/a,n/a,n/a,n/a
2016-2017,n/a,Maputo_Cidade,KaMaxakeni,KaMaxakeni,MZ11,MZ1103,n/a,Inundades,0,FALSE,0,3/3/2017,1750,350,n/a,n/a,n/a,n/a,n/a,n/a,n/a,n/a,350,n/a,n/a,n/a,n/a,n/a,n/a,n/a,n/a,n/a,n/a,n/a,n/a,n/a,n/a,n/a,n/a,n/a,n/a,n/a,n/a,n/a
2017-2018,Novembro,Maputo_Cidade,KaMaxakeni,KaMaxakeni,MZ09,MZ1103,n/a,Chuvas e ventos fortes,1,TRUE,0,11/15/2017,1485,297,n/a,n/a,n/a,n/a,n/a,n/a,4,n/a,293,n/a,n/a,n/a,n/a,n/a,n/a,n/a,n/a,n/a,n/a,n/a,n/a,n/a,n/a,n/a,n/a,n/a,n/a,n/a,n/a,n/a
2017-2018,Janeiro,Maputo_Cidade,KaMaxakeni,KaMaxakeni,MZ09,MZ1103,n/a,Chuvas fortes,1,FALSE,0,1/8/2018,2495,499,n/a,n/a,n/a,n/a,n/a,n/a,n/a,n/a,499,n/a,n/a,n/a,n/a,n/a,n/a,n/a,n/a,n/a,n/a,n/a,n/a,n/a,n/a,n/a,n/a,n/a,n/a,n/a,n/a,n/a
2017-2018,Fevereiro,Maputo_Cidade,KaMaxakeni,KaMaxakeni,MZ09,MZ1103,n/a,Chuvas fortes,1,FALSE,0,2/19/2018,4665,933,n/a,n/a,n/a,16,n/a,n/a,n/a,n/a,933,n/a,n/a,n/a,n/a,n/a,n/a,n/a,n/a,n/a,n/a,n/a,n/a,n/a,n/a,n/a,n/a,n/a,n/a,n/a,n/a,n/a
2016-2017,n/a,Maputo_Cidade,KaMpfumo,Kapfumo,MZ11,MZ1101,n/a,Ventos fortes,0,TRUE,0,10/24/2016,2255,451,n/a,n/a,117,n/a,n/a,n/a,436,15,n/a,2,2,n/a,n/a,n/a,n/a,2,n/a,n/a,n/a,n/a,n/a,n/a,n/a,n/a,n/a,n/a,n/a,n/a,n/a,n/a
2016-2017,n/a,Maputo_Cidade,KaMpfumo,Kapfumo,MZ11,MZ1101,n/a,Chuvas e ventos fortes,1,TRUE,0,1/15/2017,n/a,n/a,n/a,n/a,n/a,n/a,n/a,n/a,n/a,n/a,n/a,5,n/a,n/a,n/a,n/a,n/a,n/a,n/a,n/a,n/a,n/a,n/a,n/a,n/a,n/a,n/a,n/a,n/a,n/a,n/a,n/a
2016-2017,n/a,Maputo_Cidade,KaMpfumo,Kapfumo,MZ11,MZ1101,n/a,Ciclone,0,FALSE,0,2/16/2017,n/a,n/a,n/a,n/a,n/a,n/a,n/a,n/a,n/a,n/a,n/a,n/a,n/a,n/a,n/a,n/a,1,n/a,n/a,n/a,n/a,n/a,n/a,n/a,n/a,n/a,n/a,n/a,n/a,n/a,n/a,n/a
2016-2017,n/a,Maputo_Cidade,KaMubukwane,Kamubukwana,MZ11,MZ1106,062/INAM-DAPT/999/2016,Chuvas e ventos fortes,1,TRUE,0,12/24/2016,n/a,n/a,n/a,n/a,n/a,n/a,n/a,n/a,n/a,n/a,n/a,n/a,n/a,n/a,n/a,n/a,n/a,1,n/a,n/a,n/a,n/a,n/a,n/a,n/a,n/a,n/a,n/a,n/a,n/a,n/a,n/a
2016-2017,n/a,Maputo_Cidade,KaMubukwane,Kamubukwana,MZ11,MZ1106,n/a,Chuvas fortes,1,FALSE,0,1/15/2017,4000,800,n/a,n/a,n/a,n/a,n/a,n/a,n/a,1,800,n/a,n/a,n/a,n/a,n/a,n/a,n/a,n/a,n/a,n/a,n/a,n/a,n/a,n/a,n/a,n/a,n/a,n/a,n/a,n/a,n/a
2017-2018,Novembro,Maputo_Cidade,KaMubukwane,Kamubukwana,MZ09,MZ1106,n/a,Chuvas e ventos fortes,1,TRUE,0,11/15/2017,n/a,n/a,n/a,n/a,n/a,n/a,n/a,n/a,n/a,n/a,n/a,1,n/a,n/a,n/a,n/a,n/a,n/a,n/a,n/a,n/a,n/a,n/a,n/a,n/a,n/a,n/a,n/a,n/a,n/a,n/a,n/a
2017-2018,Janeiro,Maputo_Cidade,KaMubukwane,Kamubukwana,MZ09,MZ1106,n/a,Chuvas fortes,1,FALSE,0,1/8/2018,1582,942,n/a,n/a,n/a,n/a,n/a,n/a,n/a,n/a,942,n/a,n/a,n/a,n/a,n/a,n/a,n/a,n/a,n/a,n/a,n/a,n/a,n/a,n/a,n/a,n/a,n/a,n/a,n/a,n/a,n/a
2017-2018,Fevereiro,Maputo_Cidade,KaMubukwane,Kamubukwana,MZ09,MZ1106,n/a,Chuvas fortes,1,FALSE,0,2/19/2018,565,113,n/a,n/a,n/a,n/a,n/a,n/a,n/a,n/a,113,n/a,n/a,n/a,n/a,n/a,n/a,n/a,n/a,n/a,n/a,n/a,n/a,n/a,n/a,n/a,n/a,n/a,n/a,n/a,n/a,n/a
2017-2018,Novembro,Maputo_Cidade,KaNhaca,KaNhaca,MZ09,MZ1105,n/a,Chuvas e ventos fortes,1,TRUE,0,11/15/2017,5,1,n/a,n/a,n/a,n/a,n/a,n/a,1,n/a,n/a,n/a,n/a,n/a,n/a,n/a,n/a,n/a,n/a,n/a,n/a,n/a,n/a,n/a,n/a,n/a,n/a,n/a,n/a,n/a,n/a,n/a
2016-2017,n/a,Maputo_Cidade,KaNlhamankulo,Nlhamankulu,MZ11,MZ1107,062/INAM-DAPT/999/2016,Chuvas e ventos fortes,1,TRUE,0,12/24/2016,n/a,n/a,n/a,n/a,n/a,n/a,n/a,n/a,n/a,n/a,n/a,n/a,n/a,n/a,n/a,n/a,1,n/a,n/a,n/a,n/a,n/a,n/a,n/a,n/a,n/a,n/a,n/a,n/a,n/a,n/a,n/a
2016-2017,n/a,Maputo_Cidade,KaNlhamankulo,Nlhamankulu,MZ11,MZ1107,n/a,Chuvas fortes,1,FALSE,0,1/15/2017,1160,232,n/a,n/a,n/a,n/a,n/a,n/a,n/a,n/a,232,n/a,n/a,n/a,n/a,n/a,n/a,n/a,n/a,n/a,n/a,20,n/a,n/a,n/a,n/a,n/a,n/a,n/a,n/a,n/a,n/a
2016-2017,n/a,Maputo_Cidade,KaNlhamankulo,Nlhamankulu,MZ11,MZ1107,n/a,Chuvas e ventos fortes,1,TRUE,0,1/15/2017,n/a,n/a,n/a,n/a,n/a,n/a,n/a,n/a,n/a,n/a,n/a,9,n/a,n/a,n/a,n/a,n/a,n/a,n/a,n/a,n/a,n/a,n/a,n/a,n/a,n/a,n/a,n/a,n/a,n/a,n/a,n/a
2016-2017,n/a,Maputo_Cidade,KaTembe,KaTembe,MZ11,MZ1102,n/a,Ventos fortes,0,TRUE,0,11/12/2016,20,4,n/a,n/a,n/a,n/a,n/a,n/a,4,n/a,n/a,n/a,n/a,n/a,n/a,n/a,n/a,n/a,n/a,n/a,n/a,n/a,n/a,n/a,n/a,n/a,n/a,n/a,n/a,n/a,n/a,n/a
2016-2017,n/a,Maputo_Cidade,KaTembe,KaTembe,MZ11,MZ1102,n/a,Chuvas e ventos fortes,1,TRUE,0,1/15/2017,295,59,n/a,n/a,n/a,n/a,n/a,n/a,n/a,n/a,59,n/a,n/a,n/a,n/a,n/a,n/a,n/a,n/a,n/a,n/a,n/a,n/a,n/a,n/a,n/a,n/a,n/a,n/a,n/a,n/a,n/a
2016-2017,n/a,Niassa,Lago,Lago,MZ01,MZ0104,n/a,Chuvas e ventos fortes,1,TRUE,0,12/4/2016,100,20,n/a,n/a,n/a,n/a,n/a,n/a,20,n/a,n/a,n/a,n/a,n/a,200,n/a,n/a,n/a,n/a,n/a,n/a,n/a,n/a,n/a,n/a,n/a,n/a,n/a,n/a,n/a,n/a,n/a
2016-2017,n/a,Niassa,Lago,Lago,MZ01,MZ0104,n/a,Chuvas e ventos fortes,1,TRUE,0,3/1/2017,55,11,n/a,n/a,1,n/a,n/a,n/a,11,n/a,n/a,n/a,n/a,n/a,n/a,n/a,1,n/a,n/a,n/a,n/a,n/a,n/a,n/a,n/a,n/a,n/a,n/a,n/a,n/a,n/a,n/a
2016-2017,n/a,Niassa,Lago,Lago,MZ01,MZ0104,n/a,Chuvas fortes,1,FALSE,0,1/25/2017,45,9,n/a,n/a,n/a,n/a,n/a,n/a,9,n/a,n/a,n/a,n/a,n/a,n/a,n/a,n/a,n/a,n/a,n/a,n/a,n/a,n/a,n/a,n/a,n/a,n/a,n/a,n/a,n/a,n/a,n/a
2017-2018,Dezembro,Niassa,Lago,Lago,MZ09,MZ0104,n/a,Ventos fortes,0,TRUE,0,12/3/2017,475,95,n/a,n/a,n/a,n/a,n/a,n/a,93,2,n/a,n/a,n/a,n/a,n/a,n/a,1,1,n/a,n/a,n/a,n/a,n/a,n/a,n/a,n/a,n/a,n/a,n/a,n/a,n/a,n/a
2017-2018,Fevereiro,Niassa,Lago,Lago,MZ09,MZ0104,n/a,Chuvas e ventos fortes,1,TRUE,0,2/9/2018,420,95,n/a,n/a,n/a,n/a,n/a,n/a,1,94,n/a,n/a,n/a,n/a,n/a,n/a,n/a,n/a,n/a,n/a,n/a,n/a,n/a,n/a,n/a,n/a,n/a,n/a,n/a,n/a,n/a,n/a
2017-2018,Marco,Niassa,Lago,Lago,MZ09,MZ0501,n/a,Chuvas fortes,1,TRUE,n/a,3/13/2018,23,5,n/a,n/a,n/a,n/a,n/a,n/a,n/a,2,5,n/a,n/a,n/a,n/a,n/a,n/a,n/a,n/a,n/a,n/a,n/a,n/a,n/a,n/a,n/a,n/a,n/a,n/a,n/a,n/a,n/a
2017-2018,Janeiro,Nampula,Lalaua,Lalaua,MZ09,MZ0305,n/a,Chuvas e ventos fortes,1,TRUE,0,1/18/2018,n/a,n/a,n/a,n/a,n/a,n/a,n/a,n/a,n/a,n/a,n/a,n/a,9,n/a,n/a,n/a,n/a,n/a,n/a,n/a,n/a,n/a,n/a,n/a,n/a,n/a,n/a,n/a,n/a,n/a,n/a,n/a
2017-2018,Fevereiro,Nampula,Lalaua,Lalaua,MZ09,MZ0305,n/a,Chuvas e ventos fortes,1,TRUE,0,2/9/2018,1405,281,n/a,n/a,n/a,n/a,n/a,n/a,281,n/a,n/a,n/a,12,n/a,n/a,n/a,n/a,n/a,n/a,n/a,n/a,n/a,n/a,n/a,n/a,n/a,n/a,n/a,n/a,n/a,n/a,n/a
2016-2017,n/a,Gaza,Limpopo,Limpopo,MZ09,MZ0915,n/a,Descarga atmosferica,0,FALSE,1,3/10/2017,n/a,n/a,n/a,n/a,3,n/a,n/a,n/a,n/a,n/a,n/a,n/a,n/a,n/a,n/a,n/a,n/a,n/a,n/a,n/a,n/a,n/a,n/a,n/a,n/a,n/a,n/a,n/a,n/a,n/a,n/a,n/a
2017-2018,Novembro,Gaza,Limpopo,Limpopo,MZ09,MZ0915,n/a,Chuvas e ventos fortes,1,TRUE,0,11/15/2017,65,13,n/a,n/a,n/a,n/a,n/a,n/a,13,n/a,n/a,1,6,n/a,n/a,n/a,1,n/a,n/a,n/a,n/a,n/a,n/a,n/a,n/a,n/a,n/a,n/a,n/a,n/a,n/a,n/a
2017-2018,Janeiro,Nampula,Liupo,Liupo,MZ09,MZ0307,n/a,Chuvas e ventos fortes,1,TRUE,0,1/15/2018,115,23,n/a,n/a,n/a,n/a,n/a,n/a,13,10,n/a,n/a,n/a,7,n/a,n/a,n/a,n/a,n/a,n/a,n/a,1,n/a,n/a,n/a,n/a,n/a,n/a,n/a,n/a,n/a,n/a
2016-2017,n/a,Zambezia,Luabo,Luabo,MZ04,MZ0409,n/a,Chuvas e ventos fortes,1,TRUE,0,11/5/2016,n/a,n/a,n/a,n/a,n/a,n/a,n/a,n/a,n/a,n/a,n/a,1,2,n/a,200,4,n/a,n/a,n/a,n/a,n/a,n/a,n/a,n/a,n/a,n/a,n/a,n/a,n/a,n/a,n/a,n/a
2016-2017,n/a,Zambezia,Lugela,Lugela,MZ04,MZ0410,n/a,Chuvas e ventos fortes,1,TRUE,0,12/26/2016,69,14,n/a,n/a,n/a,n/a,n/a,n/a,7,7,n/a,n/a,n/a,n/a,n/a,n/a,1,n/a,n/a,n/a,n/a,n/a,n/a,n/a,n/a,n/a,n/a,n/a,n/a,n/a,n/a,n/a
2016-2017,n/a,Gaza,Mabalane,Mabalane,MZ09,MZ0908,n/a,Chuvas e ventos fortes,1,TRUE,0,10/24/2016,38,10,n/a,n/a,0,n/a,n/a,n/a,10,0,n/a,n/a,5,0,n/a,n/a,n/a,n/a,n/a,n/a,n/a,n/a,n/a,n/a,n/a,n/a,n/a,n/a,n/a,n/a,n/a,n/a
2016-2017,n/a,Gaza,Mabalane,Mabalane,MZ09,MZ0908,n/a,Ciclone,0,FALSE,0,2/16/2017,n/a,n/a,n/a,n/a,n/a,n/a,n/a,n/a,n/a,n/a,n/a,1,2,5,90,2,n/a,n/a,n/a,n/a,n/a,n/a,n/a,n/a,n/a,n/a,n/a,n/a,n/a,n/a,n/a,n/a
2017-2018,Outubro,Gaza,Mabalane,Mabalane,MZ09,MZ0908,n/a,Chuvas e ventos fortes,1,TRUE,0,10/8/2017,315,63,n/a,n/a,n/a,n/a,n/a,n/a,63,n/a,n/a,n/a,n/a,n/a,n/a,n/a,n/a,n/a,n/a,n/a,n/a,n/a,n/a,n/a,n/a,n/a,n/a,n/a,n/a,n/a,n/a,n/a
2017-2018,Novembro,Gaza,Mabalane,Mabalane,MZ09,MZ0908,n/a,Chuvas e ventos fortes,1,TRUE,0,11/15/2017,335,67,n/a,n/a,n/a,n/a,n/a,n/a,67,n/a,n/a,n/a,n/a,n/a,n/a,n/a,n/a,n/a,n/a,n/a,n/a,n/a,n/a,n/a,n/a,n/a,n/a,n/a,n/a,n/a,n/a,n/a
2017-2018,Janeiro,Gaza,Mabalane,Mabalane,MZ09,MZ0908,n/a,Chuvas e ventos fortes,1,TRUE,0,1/2/2018,633,107,n/a,n/a,n/a,n/a,n/a,n/a,107,n/a,n/a,1,4,n/a,315,6,3,1,n/a,n/a,n/a,2,n/a,n/a,n/a,n/a,n/a,n/a,n/a,n/a,n/a,n/a
2016-2017,n/a,Inhambane,Mabote,Mabote,MZ08,MZ0808,n/a,Chuvas e ventos fortes,1,TRUE,0,12/25/2016,n/a,n/a,n/a,n/a,n/a,n/a,n/a,n/a,n/a,n/a,n/a,n/a,n/a,n/a,n/a,n/a,n/a,n/a,n/a,n/a,n/a,1,n/a,n/a,n/a,n/a,n/a,n/a,n/a,n/a,n/a,n/a
2016-2017,n/a,Inhambane,Mabote,Mabote,MZ08,MZ0808,n/a,Ciclone,0,FALSE,0,2/15/2017,n/a,n/a,n/a,n/a,n/a,n/a,n/a,n/a,n/a,n/a,n/a,n/a,n/a,n/a,n/a,n/a,n/a,2,n/a,n/a,n/a,n/a,n/a,n/a,n/a,n/a,n/a,n/a,n/a,n/a,n/a,n/a
2017-2018,Fevereiro,Tete,Macanga,Macanga,MZ09,MZ0508,n/a,Descarga atmosferica,0,FALSE,1,2/22/2018,n/a,n/a,n/a,n/a,n/a,1,2,n/a,n/a,n/a,n/a,n/a,n/a,n/a,n/a,n/a,n/a,n/a,n/a,n/a,n/a,n/a,n/a,n/a,n/a,n/a,n/a,n/a,n/a,n/a,n/a,n/a
2018-2019,Marco,Tete,Macanga,Macanga,MZ05,MZ0508,n/a,Depressao tropical,0,FALSE,0,3/8/2019,6460,1292,n/a,n/a,11,3,3,n/a,1109,203,n/a,8,17,n/a,1585,n/a,n/a,n/a,n/a,n/a,n/a,n/a,n/a,n/a,n/a,n/a,n/a,n/a,n/a,n/a,n/a,n/a
2018-2019,Marco,Manica,Macate,Macate,n/a,n/a,n/a,Ciclone,n/a,n/a,n/a,3/15/2019,32975,8282,n/a,n/a,6,n/a,10,n/a,n/a,355,n/a,25,30,43,5846,110,2,4,n/a,n/a,n/a,n/a,n/a,n/a,n/a,n/a,n/a,41,19409,13967,n/a,n/a
2016-2017,n/a,Sofala,Machanga,Machanga,MZ07,MZ0709,n/a,Inundades,0,FALSE,0,1/26/2017,1505,301,43205,10164,n/a,n/a,n/a,n/a,n/a,47,349,21,n/a,7,6909,256,1,n/a,n/a,n/a,n/a,n/a,n/a,n/a,n/a,n/a,n/a,31,n/a,n/a,n/a,n/a
2016-2017,n/a,Sofala,Machanga,Machanga,MZ07,MZ0709,n/a,Inundades,0,FALSE,0,3/4/2017,27045,5409,n/a,n/a,n/a,n/a,n/a,n/a,219,86,5104,16,n/a,n/a,5422,n/a,n/a,n/a,n/a,n/a,n/a,n/a,n/a,n/a,n/a,n/a,n/a,24,n/a,n/a,n/a,n/a
2018-2019,Marco,Sofala,Machanga,Machanga,n/a,n/a,n/a,Ciclone,n/a,n/a,n/a,3/14/2019,2335,467,n/a,n/a,n/a,n/a,n/a,n/a,387,80,n/a,19,45,n/a,9542,308,18,5,n/a,n/a,n/a,n/a,n/a,n/a,n/a,n/a,n/a,n/a,1899,10886,n/a,n/a
2018-2019,Marco,Manica,Machaze,Machaze,n/a,n/a,n/a,Ciclone,n/a,n/a,n/a,3/15/2019,n/a,n/a,n/a,n/a,n/a,n/a,n/a,n/a,n/a,n/a,n/a,5,3,12,991,27,n/a,n/a,n/a,n/a,n/a,n/a,n/a,n/a,n/a,n/a,n/a,n/a,n/a,n/a,n/a,n/a
2017-2018,Janeiro,Manica,Macossa,Macossa,MZ09,MZ0607,n/a,Chuvas e ventos fortes,1,TRUE,0,1/2/2018,125,25,n/a,n/a,n/a,n/a,n/a,n/a,25,n/a,n/a,n/a,n/a,n/a,n/a,n/a,n/a,n/a,n/a,n/a,n/a,n/a,n/a,n/a,n/a,n/a,n/a,n/a,n/a,n/a,n/a,n/a
2018-2019,Marco,Manica,Macossa,Macossa,n/a,n/a,n/a,Ciclone,n/a,n/a,n/a,3/15/2019,n/a,n/a,n/a,n/a,n/a,n/a,1,n/a,n/a,n/a,n/a,3,4,7,1099,13,n/a,n/a,n/a,n/a,n/a,n/a,n/a,n/a,n/a,n/a,n/a,n/a,n/a,n/a,n/a,n/a
2017-2018,Fevereiro,Zambezia,Maganja da Costa,Maganja da Costa,MZ09,MZ0411,n/a,Chuvas fortes,1,FALSE,0,2/13/2018,3230,646,n/a,n/a,n/a,n/a,n/a,n/a,n/a,n/a,646,n/a,n/a,n/a,n/a,n/a,1,n/a,n/a,n/a,n/a,n/a,n/a,n/a,n/a,n/a,n/a,n/a,n/a,n/a,n/a,n/a
2016-2017,n/a,Tete,Magoe,Magoe,MZ05,MZ0509,n/a,Chuvas e ventos fortes,1,TRUE,0,11/27/2016,45,9,n/a,n/a,n/a,n/a,n/a,n/a,9,n/a,n/a,1,n/a,n/a,n/a,n/a,n/a,n/a,n/a,n/a,n/a,n/a,n/a,n/a,n/a,n/a,n/a,n/a,n/a,n/a,n/a,n/a
2016-2017,n/a,Tete,Magoe,Magoe,MZ05,MZ0509,n/a,Descarga atmosferica,0,FALSE,1,1/12/2017,5,1,n/a,n/a,n/a,n/a,n/a,n/a,n/a,1,n/a,n/a,n/a,n/a,n/a,n/a,n/a,n/a,n/a,n/a,n/a,n/a,n/a,n/a,n/a,n/a,n/a,n/a,n/a,n/a,n/a,n/a
2016-2017,n/a,Tete,Magoe,Magoe,MZ05,MZ0509,n/a,Chuvas e ventos fortes,1,TRUE,0,2/7/2017,35,7,n/a,n/a,n/a,n/a,n/a,n/a,5,2,n/a,n/a,n/a,n/a,n/a,n/a,n/a,n/a,n/a,n/a,n/a,n/a,n/a,n/a,n/a,n/a,n/a,n/a,n/a,n/a,n/a,n/a
2017-2018,Janeiro,Tete,Magoe,Magoe,MZ09,MZ0509,n/a,Chuvas e ventos fortes,1,TRUE,0,1/10/2018,5,1,n/a,n/a,n/a,n/a,n/a,n/a,1,n/a,n/a,n/a,n/a,n/a,n/a,n/a,n/a,n/a,n/a,n/a,n/a,n/a,n/a,n/a,n/a,n/a,n/a,n/a,n/a,n/a,n/a,n/a
2018-2019,Marco,Tete,Magoe,Magoe,n/a,n/a,n/a,Ciclone,n/a,n/a,n/a,3/15/2019,n/a,n/a,n/a,n/a,n/a,n/a,n/a,n/a,n/a,n/a,n/a,n/a,n/a,n/a,n/a,n/a,n/a,n/a,n/a,n/a,n/a,n/a,n/a,n/a,n/a,n/a,n/a,n/a,438,292,n/a,n/a
2016-2017,n/a,Maputo,Magude,Magude,MZ10,MZ1003,062/INAM-DAPT/999/2016,Chuvas e ventos fortes,1,TRUE,0,12/24/2016,5,1,n/a,n/a,n/a,n/a,n/a,n/a,1,n/a,n/a,n/a,n/a,n/a,n/a,n/a,n/a,n/a,n/a,n/a,n/a,1,n/a,n/a,n/a,n/a,n/a,n/a,n/a,n/a,n/a,n/a
2016-2017,n/a,Maputo,Magude,Magude,MZ10,MZ1003,n/a,Chuvas fortes,1,FALSE,0,1/15/2017,360,72,n/a,n/a,n/a,n/a,n/a,n/a,n/a,n/a,8,n/a,n/a,n/a,n/a,n/a,n/a,n/a,n/a,n/a,n/a,n/a,n/a,n/a,n/a,n/a,n/a,n/a,n/a,n/a,n/a,n/a
2017-2018,Outubro,Maputo,Magude,Magude,MZ09,MZ1003,n/a,Chuvas e ventos fortes,1,TRUE,0,10/10/2017,65,13,n/a,n/a,n/a,n/a,n/a,n/a,13,n/a,n/a,n/a,n/a,n/a,n/a,n/a,n/a,n/a,n/a,n/a,n/a,n/a,n/a,n/a,n/a,n/a,n/a,n/a,n/a,n/a,n/a,n/a
2017-2018,Novembro,Maputo,Magude,Magude,MZ09,MZ1003,n/a,Chuvas e ventos fortes,1,TRUE,0,11/15/2017,230,46,n/a,n/a,n/a,n/a,n/a,n/a,46,n/a,n/a,n/a,n/a,n/a,n/a,n/a,n/a,n/a,n/a,n/a,n/a,n/a,n/a,n/a,n/a,n/a,n/a,n/a,n/a,n/a,n/a,n/a
2016-2017,n/a,Niassa,Majune,Majune,MZ01,MZ0105,n/a,Chuvas e ventos fortes,1,TRUE,0,11/1/2016,5,1,n/a,n/a,n/a,n/a,n/a,n/a,1,n/a,n/a,n/a,n/a,n/a,n/a,n/a,n/a,1,n/a,n/a,n/a,n/a,n/a,n/a,n/a,n/a,n/a,n/a,n/a,n/a,n/a,n/a
2016-2017,n/a,Niassa,Majune,Majune,MZ01,MZ0105,n/a,Chuvas e ventos fortes,1,TRUE,0,3/27/2017,7,2,n/a,n/a,n/a,n/a,n/a,n/a,n/a,2,n/a,n/a,n/a,n/a,n/a,n/a,n/a,n/a,n/a,n/a,n/a,n/a,n/a,n/a,n/a,n/a,n/a,n/a,n/a,n/a,n/a,n/a
2017-2018,Janeiro,Niassa,Majune,Majune,MZ09,MZ0105,n/a,Chuvas e ventos fortes,1,TRUE,0,1/18/2018,5,1,n/a,n/a,n/a,n/a,n/a,n/a,n/a,1,n/a,n/a,n/a,n/a,n/a,n/a,n/a,n/a,n/a,n/a,n/a,n/a,n/a,n/a,n/a,n/a,n/a,n/a,n/a,n/a,n/a,n/a
2016-2017,n/a,Nampula,Malema,Malema,MZ03,MZ0308,n/a,Chuvas fortes,1,FALSE,0,1/11/2017,5,1,n/a,n/a,n/a,n/a,n/a,n/a,1,n/a,n/a,n/a,23,n/a,n/a,n/a,1,n/a,n/a,n/a,n/a,n/a,n/a,n/a,n/a,n/a,n/a,n/a,n/a,n/a,n/a,n/a
2016-2017,n/a,Nampula,Malema,Malema,MZ03,MZ0308,n/a,Chuvas e ventos fortes,1,TRUE,0,1/31/2017,25,5,n/a,n/a,n/a,n/a,n/a,n/a,n/a,5,n/a,n/a,n/a,n/a,n/a,n/a,n/a,n/a,n/a,n/a,n/a,n/a,n/a,n/a,n/a,n/a,n/a,n/a,n/a,n/a,n/a,n/a
2016-2017,n/a,Nampula,Malema,Malema,MZ03,MZ0308,n/a,Chuvas fortes,1,FALSE,0,2/6/2017,n/a,n/a,n/a,n/a,n/a,n/a,n/a,n/a,n/a,n/a,n/a,n/a,n/a,n/a,n/a,n/a,n/a,n/a,n/a,n/a,n/a,1,n/a,n/a,n/a,n/a,n/a,n/a,n/a,n/a,n/a,n/a
2017-2018,Outubro,Nampula,Malema,Malema,MZ09,MZ0308,n/a,Ventos fortes,0,TRUE,0,10/12/2017,n/a,n/a,n/a,n/a,n/a,n/a,n/a,n/a,n/a,n/a,n/a,1,7,n/a,n/a,n/a,n/a,n/a,n/a,n/a,n/a,n/a,n/a,n/a,n/a,n/a,n/a,n/a,n/a,n/a,n/a,n/a
2017-2018,Janeiro,Nampula,Malema,Malema,MZ09,MZ0308,n/a,Chuvas e ventos fortes,1,TRUE,0,1/18/2018,10,2,n/a,n/a,n/a,n/a,n/a,n/a,2,n/a,n/a,n/a,6,0,n/a,n/a,n/a,n/a,n/a,n/a,n/a,n/a,n/a,n/a,n/a,n/a,n/a,n/a,n/a,n/a,n/a,n/a
2016-2017,n/a,Niassa,Mandimba,Mandimba,MZ01,MZ0106,n/a,Ventos fortes,0,TRUE,0,11/16/2016,n/a,n/a,n/a,n/a,n/a,n/a,n/a,n/a,n/a,n/a,n/a,n/a,1,n/a,n/a,n/a,n/a,1,n/a,n/a,n/a,n/a,n/a,n/a,n/a,n/a,n/a,n/a,n/a,n/a,n/a,n/a
2016-2017,n/a,Niassa,Mandimba,Mandimba,MZ01,MZ0106,n/a,Chuvas e ventos fortes,1,TRUE,0,12/4/2016,150,30,n/a,n/a,4,n/a,n/a,n/a,22,8,n/a,n/a,1,n/a,n/a,n/a,n/a,1,n/a,n/a,n/a,n/a,n/a,n/a,n/a,n/a,n/a,n/a,n/a,n/a,n/a,n/a
2016-2017,n/a,Niassa,Mandimba,Mandimba,MZ01,MZ0106,n/a,Chuvas e ventos fortes,1,TRUE,0,12/25/2016,164,47,n/a,n/a,2,n/a,n/a,n/a,n/a,47,n/a,n/a,2,1,n/a,n/a,n/a,1,n/a,n/a,n/a,n/a,n/a,n/a,n/a,n/a,n/a,n/a,n/a,n/a,n/a,n/a
2016-2017,n/a,Niassa,Mandimba,Mandimba,MZ01,MZ0106,n/a,Chuvas e ventos fortes,1,TRUE,0,2/1/2017,n/a,n/a,n/a,n/a,3,n/a,n/a,n/a,n/a,n/a,n/a,n/a,n/a,n/a,n/a,n/a,n/a,n/a,n/a,n/a,n/a,n/a,n/a,n/a,n/a,n/a,n/a,n/a,n/a,n/a,n/a,n/a
2016-2017,n/a,Niassa,Mandimba,Mandimba,MZ01,MZ0106,n/a,Descarga atmosferica,0,FALSE,1,1/29/2017,n/a,n/a,n/a,n/a,1,n/a,n/a,n/a,n/a,n/a,n/a,n/a,n/a,n/a,n/a,n/a,n/a,n/a,n/a,n/a,n/a,n/a,n/a,n/a,n/a,n/a,n/a,n/a,n/a,n/a,n/a,n/a
2017-2018,Novembro,Niassa,Mandimba,Mandimba,MZ09,MZ0106,n/a,Ventos fortes,0,TRUE,0,11/17/2017,65,10,n/a,n/a,n/a,n/a,n/a,n/a,10,n/a,n/a,n/a,n/a,n/a,n/a,n/a,n/a,n/a,n/a,n/a,n/a,n/a,n/a,n/a,n/a,n/a,n/a,n/a,n/a,n/a,n/a,n/a
2017-2018,Novembro,Niassa,Mandimba,Mandimba,MZ09,MZ0106,n/a,Ventos fortes,0,TRUE,0,11/23/2017,9,2,n/a,n/a,n/a,1,1,n/a,2,n/a,n/a,n/a,n/a,n/a,n/a,n/a,n/a,1,n/a,n/a,n/a,n/a,n/a,n/a,n/a,n/a,n/a,n/a,n/a,n/a,n/a,n/a
2017-2018,Novembro,Niassa,Mandimba,Mandimba,MZ09,MZ0106,n/a,Descarga atmosferica,0,FALSE,1,11/26/2017,5,1,n/a,n/a,n/a,1,1,n/a,n/a,n/a,n/a,n/a,n/a,n/a,n/a,n/a,n/a,n/a,n/a,n/a,n/a,n/a,n/a,n/a,n/a,n/a,n/a,n/a,n/a,n/a,n/a,n/a
2016-2017,n/a,Gaza,Mandlakaze,Mandlakaze,MZ09,MZ0909,n/a,Chuvas e ventos fortes,1,TRUE,0,10/24/2016,0,0,n/a,n/a,0,n/a,n/a,n/a,22,488,n/a,n/a,0,0,n/a,n/a,n/a,n/a,n/a,n/a,n/a,n/a,n/a,n/a,n/a,n/a,n/a,n/a,n/a,n/a,n/a,n/a
2016-2017,n/a,Gaza,Mandlakaze,Mandlakaze,MZ09,MZ0909,062/INAM-DAPT/999/2016,Chuvas e ventos fortes,1,TRUE,0,12/24/2016,n/a,n/a,n/a,n/a,n/a,n/a,n/a,n/a,n/a,n/a,n/a,n/a,n/a,n/a,n/a,n/a,n/a,n/a,n/a,n/a,n/a,n/a,n/a,n/a,n/a,n/a,n/a,n/a,n/a,n/a,n/a,n/a
2016-2017,n/a,Gaza,Mandlakaze,Mandlakaze,MZ09,MZ0909,n/a,Chuvas fortes,1,FALSE,0,12/28/2016,5,1,n/a,n/a,n/a,n/a,n/a,n/a,1,n/a,n/a,n/a,n/a,n/a,n/a,n/a,n/a,1,n/a,n/a,n/a,n/a,n/a,n/a,n/a,n/a,n/a,n/a,n/a,n/a,n/a,n/a
2016-2017,n/a,Gaza,Mandlakaze,Mandlakaze,MZ09,MZ0909,n/a,Ciclone,0,FALSE,0,2/15/2017,115,23,n/a,n/a,n/a,n/a,n/a,n/a,23,n/a,n/a,1,11,n/a,n/a,n/a,n/a,1,n/a,n/a,n/a,n/a,n/a,n/a,n/a,n/a,n/a,n/a,n/a,n/a,n/a,n/a
2017-2018,Novembro,Gaza,Mandlakaze,Mandlakaze,MZ09,MZ0909,n/a,Descarga atmosferica,0,FALSE,1,11/15/2017,n/a,n/a,n/a,n/a,1,n/a,n/a,n/a,n/a,n/a,n/a,n/a,n/a,n/a,n/a,n/a,n/a,n/a,n/a,n/a,1,n/a,n/a,n/a,n/a,n/a,n/a,n/a,n/a,n/a,n/a,n/a
2016-2017,n/a,Manica,Manica,Manica,MZ06,MZ0608,n/a,Chuvas e ventos fortes,1,TRUE,0,11/13/2016,n/a,n/a,n/a,n/a,n/a,n/a,n/a,n/a,n/a,n/a,n/a,4,19,n/a,2492,55,n/a,n/a,n/a,n/a,n/a,n/a,n/a,n/a,n/a,n/a,n/a,n/a,n/a,n/a,n/a,n/a
2017-2018,Outubro,Manica,Manica,Manica,MZ09,MZ0608,n/a,Chuvas e ventos fortes,1,TRUE,0,10/10/2017,16,8,n/a,n/a,n/a,n/a,n/a,n/a,8,n/a,n/a,n/a,n/a,n/a,n/a,n/a,n/a,n/a,n/a,n/a,n/a,n/a,n/a,n/a,n/a,n/a,n/a,n/a,n/a,n/a,n/a,n/a
2018-2019,Marco,Manica,Manica,Manica,n/a,n/a,n/a,Ciclone,n/a,n/a,n/a,3/15/2019,20,4,n/a,n/a,7,n/a,n/a,n/a,n/a,942,n/a,16,6,25,2318,50,n/a,n/a,n/a,n/a,n/a,n/a,n/a,n/a,n/a,n/a,n/a,1,n/a,n/a,n/a,n/a
2016-2017,n/a,Gaza,Mapai,Mapai,MZ09,MZ0914,n/a,Ciclone,0,FALSE,0,2/16/2017,3,1,n/a,n/a,n/a,n/a,n/a,n/a,4,n/a,n/a,n/a,n/a,n/a,n/a,3,n/a,n/a,n/a,n/a,n/a,n/a,n/a,n/a,n/a,n/a,n/a,n/a,n/a,n/a,n/a,n/a
2017-2018,Outubro,Gaza,Mapai,Mapai,MZ09,MZ0914,n/a,Chuvas e ventos fortes,1,TRUE,0,10/8/2017,175,35,n/a,n/a,n/a,n/a,n/a,n/a,35,n/a,n/a,1,n/a,n/a,n/a,n/a,n/a,n/a,n/a,n/a,n/a,n/a,n/a,n/a,n/a,n/a,n/a,n/a,n/a,n/a,n/a,n/a
2017-2018,Novembro,Gaza,Mapai,Mapai,MZ09,MZ0914,n/a,Chuvas fortes,1,FALSE,0,11/15/2017,20,4,n/a,n/a,n/a,n/a,n/a,n/a,n/a,n/a,n/a,1,n/a,n/a,n/a,n/a,n/a,n/a,n/a,n/a,1,n/a,n/a,n/a,n/a,n/a,n/a,n/a,n/a,n/a,n/a,n/a
2018-2019,Marco,Tete,Marara,Marara,MZ05,MZ0510,n/a,Depressao tropical,0,FALSE,0,3/6/2019,n/a,n/a,n/a,n/a,n/a,n/a,n/a,n/a,n/a,n/a,n/a,n/a,n/a,n/a,n/a,n/a,n/a,n/a,n/a,n/a,n/a,n/a,n/a,n/a,n/a,n/a,n/a,n/a,19,38,n/a,n/a
2018-2019,Marco,Tete,Maravia,Maravia,n/a,n/a,n/a,Ciclone,n/a,n/a,n/a,3/15/2019,n/a,n/a,n/a,n/a,n/a,n/a,n/a,n/a,n/a,n/a,n/a,n/a,n/a,n/a,n/a,n/a,n/a,n/a,n/a,n/a,n/a,n/a,n/a,n/a,n/a,n/a,n/a,n/a,346,309,n/a,n/a
2018-2019,Marco,Sofala,Maringue,Maringue,n/a,n/a,n/a,Ciclone,n/a,n/a,n/a,3/15/2019,26900,5380,n/a,n/a,n/a,n/a,n/a,n/a,n/a,n/a,n/a,n/a,n/a,n/a,n/a,n/a,n/a,n/a,n/a,n/a,n/a,n/a,n/a,n/a,n/a,n/a,n/a,n/a,2500,16575,n/a,n/a
2016-2017,n/a,Maputo,Marracuene,Marracuene,MZ10,MZ1005,n/a,Chuvas e ventos fortes,1,TRUE,0,3/24/2017,875,175,n/a,n/a,n/a,n/a,n/a,n/a,175,n/a,n/a,1,3,n/a,n/a,n/a,n/a,1,n/a,n/a,n/a,2,n/a,n/a,n/a,n/a,n/a,n/a,n/a,n/a,n/a,n/a
2017-2018,Novembro,Maputo,Marracuene,Marracuene,MZ09,MZ1005,n/a,Chuvas e ventos fortes,1,TRUE,0,11/15/2017,290,58,n/a,n/a,17,n/a,n/a,n/a,47,11,n/a,n/a,n/a,n/a,n/a,n/a,n/a,n/a,n/a,n/a,n/a,n/a,n/a,n/a,n/a,n/a,n/a,n/a,n/a,n/a,n/a,n/a
2016-2017,n/a,Sofala,Marromeu,Marromeu,MZ07,MZ0711,n/a,Chuvas e ventos fortes,1,TRUE,0,12/18/2016,n/a,n/a,n/a,n/a,n/a,n/a,n/a,n/a,n/a,n/a,n/a,n/a,2,n/a,n/a,n/a,n/a,n/a,n/a,n/a,n/a,n/a,n/a,n/a,n/a,n/a,n/a,n/a,n/a,n/a,n/a,n/a
2018-2019,Marco,Sofala,Marromeu,Marromeu,n/a,n/a,n/a,Ciclone,n/a,n/a,n/a,3/15/2019,41810,8362,n/a,n/a,n/a,n/a,n/a,n/a,n/a,n/a,n/a,n/a,n/a,n/a,2383,29,n/a,n/a,n/a,n/a,n/a,n/a,n/a,n/a,n/a,n/a,n/a,n/a,3421,23568,n/a,n/a
2016-2017,n/a,Niassa,Marrupa,Marrupa,MZ01,MZ0107,n/a,Chuvas e ventos fortes,1,TRUE,0,2/11/2017,18,4,n/a,n/a,n/a,n/a,n/a,n/a,4,n/a,n/a,n/a,n/a,n/a,n/a,n/a,n/a,n/a,n/a,n/a,n/a,n/a,n/a,n/a,n/a,n/a,n/a,n/a,n/a,n/a,n/a,n/a
2017-2018,Novembro,Niassa,Marrupa,Marrupa,MZ09,MZ0107,n/a,Chuvas acompanhadas de Trovoadas,1,FALSE,0,11/27/2017,2,1,n/a,n/a,1,5,5,n/a,n/a,n/a,n/a,n/a,n/a,n/a,n/a,n/a,n/a,n/a,n/a,n/a,n/a,n/a,n/a,n/a,n/a,n/a,n/a,n/a,n/a,n/a,n/a,n/a
2017-2018,Janeiro,Niassa,Marrupa,Marrupa,MZ09,MZ0107,n/a,Chuvas e ventos fortes,1,TRUE,0,1/18/2018,1429,289,n/a,n/a,n/a,n/a,n/a,n/a,50,260,n/a,n/a,n/a,12,n/a,n/a,2,n/a,n/a,n/a,n/a,n/a,n/a,n/a,n/a,n/a,n/a,n/a,n/a,n/a,n/a,n/a
2017-2018,Janeiro,Niassa,Marrupa,Marrupa,MZ09,MZ0107,n/a,Chuvas e ventos fortes,1,TRUE,0,1/18/2018,n/a,n/a,n/a,n/a,n/a,n/a,n/a,n/a,n/a,n/a,n/a,n/a,n/a,n/a,n/a,n/a,n/a,n/a,n/a,n/a,n/a,n/a,n/a,n/a,n/a,n/a,n/a,n/a,n/a,n/a,n/a,n/a
2017-2018,Janeiro,Niassa,Marrupa,Marrupa,MZ09,MZ0107,n/a,Chuvas e ventos fortes,1,TRUE,0,1/18/2018,n/a,n/a,n/a,n/a,n/a,n/a,n/a,n/a,n/a,n/a,n/a,n/a,n/a,n/a,n/a,n/a,n/a,n/a,n/a,n/a,n/a,n/a,n/a,n/a,n/a,n/a,n/a,n/a,n/a,n/a,n/a,n/a
2017-2018,Janeiro,Niassa,Marrupa,Marrupa,MZ09,MZ0107,n/a,Chuvas fortes,1,FALSE,0,1/26/2018,165,33,n/a,n/a,n/a,n/a,n/a,n/a,n/a,33,n/a,n/a,n/a,n/a,n/a,n/a,n/a,n/a,n/a,n/a,n/a,n/a,n/a,n/a,n/a,n/a,n/a,n/a,n/a,n/a,n/a,n/a
2016-2017,n/a,Gaza,Massangena,Massangena,MZ09,MZ0910,n/a,Chuvas e ventos fortes,1,TRUE,0,10/24/2016,0,0,n/a,n/a,0,n/a,n/a,n/a,32,0,n/a,n/a,0,0,n/a,n/a,n/a,n/a,n/a,n/a,n/a,n/a,n/a,n/a,n/a,n/a,n/a,n/a,n/a,n/a,n/a,n/a
2017-2018,Outubro,Gaza,Massangena,Massangena,MZ09,MZ0910,n/a,Chuvas e ventos fortes,1,TRUE,0,10/8/2017,5,1,n/a,n/a,n/a,n/a,n/a,n/a,1,n/a,n/a,1,n/a,n/a,n/a,n/a,n/a,n/a,n/a,n/a,n/a,n/a,n/a,n/a,n/a,n/a,n/a,n/a,n/a,n/a,n/a,n/a
2016-2017,n/a,Inhambane,Massinga,Massinga,MZ08,MZ0809,n/a,Ciclone,0,FALSE,0,2/15/2017,194040,38808,n/a,n/a,68,n/a,n/a,n/a,38808,29236,n/a,n/a,n/a,251,n/a,n/a,n/a,12,n/a,n/a,n/a,n/a,n/a,n/a,n/a,n/a,n/a,n/a,n/a,n/a,n/a,n/a
2016-2017,n/a,Gaza,Massingir,Massingir,MZ09,MZ0911,n/a,Chuvas e ventos fortes,1,TRUE,0,10/24/2016,0,0,n/a,n/a,0,n/a,n/a,n/a,6,0,n/a,n/a,0,0,n/a,n/a,n/a,n/a,n/a,n/a,n/a,n/a,n/a,n/a,n/a,n/a,n/a,n/a,n/a,n/a,n/a,n/a
2016-2017,n/a,Gaza,Massingir,Massingir,MZ09,MZ0911,062/INAM-DAPT/999/2016,Chuvas e ventos fortes,1,TRUE,0,12/24/2016,n/a,n/a,n/a,n/a,n/a,n/a,n/a,n/a,n/a,n/a,n/a,n/a,n/a,n/a,n/a,n/a,n/a,n/a,n/a,n/a,n/a,n/a,n/a,n/a,n/a,n/a,n/a,n/a,n/a,n/a,n/a,n/a
2017-2018,Outubro,Gaza,Massingir,Massingir,MZ09,MZ0911,n/a,Chuvas e ventos fortes,1,TRUE,0,10/8/2017,90,18,n/a,n/a,3,n/a,n/a,n/a,18,n/a,n/a,n/a,n/a,n/a,n/a,n/a,n/a,n/a,n/a,n/a,n/a,n/a,n/a,n/a,n/a,n/a,n/a,n/a,n/a,n/a,n/a,n/a
2017-2018,Janeiro,Gaza,Massingir,Massingir,MZ09,MZ0911,n/a,Chuvas e ventos fortes,1,TRUE,0,1/2/2018,20,4,n/a,n/a,n/a,n/a,n/a,n/a,4,n/a,n/a,n/a,1,n/a,n/a,n/a,n/a,n/a,n/a,n/a,n/a,n/a,n/a,n/a,n/a,n/a,n/a,n/a,n/a,n/a,n/a,n/a
2016-2017,n/a,Niassa,Maua,Maua,MZ01,MZ0108,n/a,Chuvas e ventos fortes,1,TRUE,0,10/28/2016,141,28,n/a,n/a,2,n/a,n/a,n/a,28,n/a,n/a,1,2,n/a,n/a,n/a,n/a,1,n/a,n/a,n/a,n/a,n/a,n/a,n/a,n/a,n/a,n/a,n/a,n/a,n/a,n/a
2017-2018,Janeiro,Niassa,Maua,Maua,MZ09,MZ0108,n/a,Chuvas e ventos fortes,1,TRUE,0,1/18/2018,48,10,n/a,n/a,n/a,n/a,n/a,n/a,1,9,n/a,n/a,n/a,n/a,n/a,n/a,n/a,n/a,n/a,n/a,n/a,n/a,n/a,n/a,n/a,n/a,n/a,n/a,n/a,n/a,n/a,n/a
2016-2017,n/a,Inhambane,Maxixe,Cidade de Maxixe,MZ08,MZ0810,n/a,Chuvas fortes,1,FALSE,0,1/16/2017,270,54,n/a,n/a,n/a,n/a,n/a,n/a,n/a,n/a,54,n/a,n/a,n/a,n/a,n/a,n/a,n/a,n/a,n/a,n/a,n/a,n/a,n/a,n/a,n/a,n/a,n/a,n/a,n/a,n/a,n/a
2016-2017,n/a,Inhambane,Maxixe,Cidade de Maxixe,MZ08,MZ0810,n/a,Chuvas e ventos fortes,1,TRUE,0,1/18/2017,490,98,n/a,n/a,n/a,n/a,n/a,n/a,n/a,n/a,n/a,n/a,n/a,n/a,n/a,n/a,n/a,n/a,n/a,n/a,n/a,n/a,n/a,n/a,n/a,n/a,n/a,n/a,n/a,n/a,n/a,n/a
2016-2017,n/a,Inhambane,Maxixe,Cidade de Maxixe,MZ08,MZ0810,n/a,Ciclone,0,FALSE,0,2/15/2017,105843,21195,n/a,n/a,n/a,n/a,n/a,n/a,10619,763,n/a,n/a,n/a,200,n/a,n/a,n/a,12,n/a,n/a,n/a,n/a,n/a,n/a,n/a,n/a,n/a,n/a,n/a,n/a,n/a,n/a
2017-2018,Janeiro,Niassa,Mecanhelas,Mecanhelas,MZ09,MZ0110,n/a,Chuvas fortes,1,FALSE,0,1/24/2018,n/a,n/a,n/a,n/a,n/a,n/a,n/a,n/a,n/a,n/a,n/a,n/a,n/a,n/a,n/a,n/a,n/a,n/a,n/a,n/a,n/a,10,n/a,n/a,n/a,n/a,n/a,n/a,n/a,n/a,n/a,n/a
2016-2017,n/a,Nampula,Meconta,Meconta,MZ03,MZ0309,n/a,Chuvas fortes,1,FALSE,0,1/31/2017,10,2,n/a,n/a,n/a,n/a,n/a,n/a,n/a,2,n/a,n/a,n/a,n/a,n/a,n/a,n/a,n/a,n/a,n/a,n/a,n/a,n/a,n/a,n/a,n/a,n/a,n/a,n/a,n/a,n/a,n/a
2017-2018,Janeiro,Nampula,Meconta,Meconta,MZ09,MZ0309,n/a,Chuvas e ventos fortes,1,TRUE,0,1/15/2018,11854,2369,n/a,n/a,n/a,n/a,n/a,n/a,1323,1043,n/a,n/a,6,75,n/a,n/a,n/a,1,n/a,n/a,n/a,n/a,n/a,n/a,n/a,n/a,n/a,1,n/a,n/a,n/a,n/a
2016-2017,n/a,Nampula,Mecuburi,Mecuburi,MZ03,MZ0310,n/a,Ventos fortes,0,TRUE,0,11/18/2016,200,40,n/a,n/a,n/a,n/a,n/a,n/a,25,15,n/a,n/a,n/a,n/a,n/a,n/a,n/a,n/a,n/a,n/a,n/a,n/a,n/a,n/a,n/a,n/a,n/a,n/a,n/a,n/a,n/a,n/a
2016-2017,n/a,Nampula,Mecuburi,Mecuburi,MZ03,MZ0310,n/a,Ventos fortes,0,TRUE,0,12/7/2016,1025,205,n/a,n/a,n/a,n/a,n/a,n/a,205,n/a,n/a,n/a,18,n/a,n/a,n/a,9,n/a,n/a,n/a,n/a,n/a,n/a,n/a,n/a,n/a,n/a,n/a,n/a,n/a,n/a,n/a
2016-2017,n/a,Nampula,Mecuburi,Mecuburi,MZ03,MZ0310,n/a,Chuvas fortes,1,FALSE,0,12/28/2016,n/a,n/a,n/a,n/a,4,n/a,n/a,n/a,n/a,n/a,n/a,n/a,n/a,n/a,n/a,n/a,n/a,n/a,n/a,n/a,n/a,n/a,n/a,n/a,n/a,n/a,n/a,n/a,n/a,n/a,n/a,n/a
2016-2017,n/a,Nampula,Mecuburi,Mecuburi,MZ03,MZ0310,n/a,Descarga atmosferica,0,FALSE,1,1/11/2017,n/a,n/a,n/a,n/a,1,n/a,n/a,n/a,n/a,n/a,n/a,n/a,n/a,n/a,n/a,n/a,n/a,n/a,n/a,n/a,n/a,n/a,n/a,n/a,n/a,n/a,n/a,n/a,n/a,n/a,n/a,n/a
2016-2017,n/a,Nampula,Mecuburi,Mecuburi,MZ03,MZ0310,n/a,Chuvas fortes,1,FALSE,0,1/30/2017,n/a,n/a,n/a,n/a,n/a,n/a,n/a,n/a,n/a,n/a,n/a,2,2,n/a,n/a,n/a,n/a,n/a,n/a,n/a,n/a,n/a,n/a,n/a,n/a,n/a,n/a,n/a,n/a,n/a,n/a,n/a
2017-2018,Janeiro,Nampula,Mecuburi,Mecuburi,MZ09,MZ0310,n/a,Chuvas e ventos fortes,1,TRUE,0,1/18/2018,n/a,n/a,n/a,n/a,n/a,n/a,n/a,n/a,n/a,n/a,n/a,n/a,4,n/a,n/a,n/a,n/a,n/a,n/a,n/a,n/a,1,n/a,n/a,n/a,n/a,n/a,n/a,n/a,n/a,n/a,n/a
2017-2018,Janeiro,Cabo_Delgado,Mecufi,Mecufi,MZ09,MZ0207,n/a,Chuvas fortes,1,FALSE,0,1/8/2018,n/a,n/a,n/a,n/a,n/a,n/a,n/a,n/a,n/a,n/a,n/a,1,3,n/a,n/a,n/a,n/a,n/a,n/a,n/a,n/a,n/a,n/a,n/a,n/a,n/a,n/a,n/a,n/a,n/a,n/a,n/a
2017-2018,Janeiro,Cabo_Delgado,Mecufi,Mecufi,MZ09,MZ0207,n/a,Chuvas e ventos fortes,1,TRUE,0,1/19/2018,4415,883,n/a,n/a,n/a,n/a,n/a,n/a,n/a,104,779,n/a,3,n/a,n/a,n/a,n/a,n/a,n/a,n/a,n/a,2,n/a,n/a,n/a,n/a,n/a,n/a,n/a,n/a,n/a,n/a
2017-2018,Novembro,Niassa,Mecula,Mecula,MZ09,MZ0111,n/a,Chuvas e ventos fortes,1,TRUE,0,11/20/2017,5,1,n/a,n/a,n/a,n/a,n/a,n/a,n/a,n/a,n/a,n/a,n/a,n/a,n/a,n/a,n/a,n/a,n/a,n/a,1,n/a,n/a,n/a,n/a,n/a,n/a,n/a,n/a,n/a,n/a,n/a
2017-2018,Janeiro,Niassa,Mecula,Mecula,MZ09,MZ0111,n/a,Chuvas e ventos fortes,1,TRUE,0,1/14/2018,70,14,n/a,n/a,n/a,n/a,n/a,n/a,11,3,n/a,n/a,n/a,n/a,n/a,n/a,n/a,n/a,n/a,n/a,n/a,n/a,n/a,n/a,n/a,n/a,n/a,n/a,n/a,n/a,n/a,n/a
2017-2018,Janeiro,Niassa,Mecula,Mecula,MZ09,MZ0111,n/a,Chuvas e ventos fortes,1,TRUE,0,1/14/2018,70,14,n/a,n/a,n/a,n/a,n/a,n/a,11,3,n/a,n/a,n/a,n/a,n/a,n/a,n/a,n/a,n/a,n/a,n/a,n/a,n/a,n/a,n/a,n/a,n/a,n/a,n/a,n/a,n/a,n/a
2017-2018,Janeiro,Niassa,Mecula,Mecula,MZ09,MZ0111,n/a,Chuvas fortes,1,FALSE,0,1/22/2018,5,1,n/a,n/a,n/a,n/a,n/a,n/a,n/a,1,n/a,n/a,n/a,n/a,n/a,n/a,n/a,n/a,n/a,n/a,n/a,n/a,n/a,n/a,n/a,n/a,n/a,n/a,n/a,n/a,n/a,n/a
2017-2018,Janeiro,Niassa,Mecula,Mecula,MZ09,MZ0111,n/a,Chuvas e ventos fortes,1,TRUE,0,1/18/2018,75,15,n/a,n/a,n/a,n/a,n/a,n/a,11,4,n/a,n/a,n/a,n/a,n/a,n/a,n/a,n/a,n/a,n/a,n/a,n/a,n/a,n/a,n/a,n/a,n/a,n/a,n/a,n/a,n/a,n/a
2017-2018,Janeiro,Cabo_Delgado,Meluco,Meluco,MZ09,MZ0208,n/a,Chuvas e ventos fortes,1,TRUE,0,1/16/2018,45,9,n/a,n/a,n/a,n/a,n/a,n/a,9,n/a,n/a,n/a,n/a,n/a,n/a,n/a,n/a,n/a,n/a,n/a,n/a,n/a,n/a,n/a,n/a,n/a,n/a,n/a,n/a,n/a,n/a,n/a
2016-2017,n/a,Nampula,Memba,Memba,MZ03,MZ0311,n/a,Ventos fortes,0,TRUE,0,1/3/2017,n/a,n/a,n/a,n/a,n/a,n/a,n/a,n/a,n/a,n/a,n/a,1,n/a,n/a,n/a,n/a,n/a,n/a,n/a,n/a,n/a,n/a,n/a,n/a,n/a,n/a,n/a,n/a,n/a,n/a,n/a,n/a
2016-2017,n/a,Nampula,Memba,Memba,MZ03,MZ0311,n/a,Descarga atmosferica,0,FALSE,1,2/9/2017,5,1,n/a,n/a,n/a,n/a,n/a,n/a,n/a,1,n/a,n/a,n/a,n/a,n/a,n/a,n/a,n/a,n/a,n/a,n/a,n/a,n/a,n/a,n/a,n/a,n/a,n/a,n/a,n/a,n/a,n/a
2017-2018,Janeiro,Nampula,Memba,Memba,MZ09,MZ0311,n/a,Chuvas fortes,1,FALSE,0,1/8/2018,40,8,n/a,n/a,n/a,n/a,n/a,n/a,n/a,8,n/a,n/a,n/a,n/a,n/a,n/a,n/a,n/a,n/a,n/a,n/a,n/a,n/a,n/a,n/a,n/a,n/a,n/a,n/a,n/a,n/a,n/a
2017-2018,Janeiro,Nampula,Memba,Memba,MZ09,MZ0311,n/a,Chuvas e ventos fortes,1,TRUE,0,1/15/2018,550,110,n/a,n/a,n/a,n/a,n/a,n/a,38,72,n/a,n/a,n/a,9,n/a,n/a,n/a,n/a,n/a,n/a,n/a,9,n/a,n/a,n/a,n/a,n/a,n/a,n/a,n/a,n/a,n/a
2017-2018,Fevereiro,Nampula,Memba,Memba,MZ09,MZ0311,n/a,Chuvas acompanhadas de Trovoadas,1,FALSE,0,2/6/2018,n/a,n/a,n/a,n/a,2,n/a,n/a,n/a,n/a,n/a,n/a,n/a,n/a,n/a,n/a,n/a,n/a,n/a,n/a,n/a,n/a,n/a,n/a,n/a,n/a,n/a,n/a,n/a,n/a,n/a,n/a,n/a
2016-2017,n/a,Niassa,Metarica,Metarica,MZ01,MZ0112,n/a,Chuvas e ventos fortes,1,TRUE,0,1/14/2017,9,2,n/a,n/a,n/a,n/a,n/a,n/a,2,n/a,n/a,n/a,n/a,n/a,n/a,n/a,n/a,n/a,n/a,n/a,n/a,n/a,n/a,n/a,n/a,n/a,n/a,n/a,n/a,n/a,n/a,n/a
2017-2018,Dezembro,Cabo_Delgado,Metuge,Metuge,MZ09,MZ0209,n/a,Chuvas e ventos fortes,1,TRUE,0,12/19/2017,35,7,n/a,n/a,n/a,n/a,n/a,n/a,2,5,n/a,n/a,n/a,n/a,n/a,n/a,n/a,n/a,n/a,n/a,n/a,1,n/a,n/a,n/a,n/a,n/a,n/a,n/a,n/a,n/a,n/a
2017-2018,Janeiro,Cabo_Delgado,Metuge,Metuge,MZ09,MZ0209,n/a,Chuvas e ventos fortes,1,TRUE,0,1/24/2018,1370,274,n/a,n/a,n/a,n/a,n/a,n/a,183,57,34,n/a,6,n/a,n/a,n/a,n/a,n/a,n/a,n/a,n/a,2,n/a,n/a,n/a,n/a,n/a,n/a,n/a,n/a,n/a,n/a
2016-2017,n/a,Zambezia,Milange,Milange,MZ04,MZ0412,n/a,Chuvas e ventos fortes,1,TRUE,0,11/5/2016,n/a,n/a,n/a,n/a,n/a,n/a,n/a,n/a,n/a,n/a,n/a,2,7,n/a,776,14,n/a,n/a,n/a,n/a,n/a,n/a,n/a,n/a,n/a,n/a,n/a,n/a,n/a,n/a,n/a,n/a
2017-2018,Novembro,Zambezia,Milange,Milange,MZ09,MZ0412,n/a,Chuvas e ventos fortes,1,TRUE,0,11/30/2017,n/a,n/a,n/a,n/a,n/a,n/a,n/a,n/a,n/a,n/a,n/a,n/a,4,n/a,n/a,n/a,n/a,n/a,n/a,n/a,n/a,n/a,n/a,n/a,n/a,n/a,n/a,n/a,n/a,n/a,n/a,n/a
2017-2018,Marco,Zambezia,Milange,Milange,MZ09,MZ0501,n/a,Sismo,1,TRUE,n/a,3/8/2018,n/a,n/a,n/a,n/a,1,n/a,n/a,n/a,n/a,n/a,n/a,2,1,n/a,n/a,n/a,n/a,n/a,n/a,n/a,n/a,n/a,n/a,n/a,n/a,n/a,n/a,n/a,n/a,n/a,n/a,n/a
2016-2017,n/a,Maputo,Moamba,Moamba,MZ10,MZ1007,062/INAM-DAPT/999/2016,Chuvas e ventos fortes,1,TRUE,0,12/24/2016,430,86,n/a,n/a,n/a,n/a,n/a,n/a,21,65,n/a,n/a,7,n/a,n/a,n/a,2,n/a,n/a,n/a,n/a,n/a,n/a,n/a,n/a,n/a,n/a,n/a,n/a,n/a,n/a,n/a
2016-2017,n/a,Maputo,Moamba,Moamba,MZ10,MZ1007,n/a,Ventos fortes,0,TRUE,0,1/17/2017,n/a,n/a,n/a,n/a,n/a,n/a,n/a,n/a,n/a,n/a,n/a,n/a,n/a,n/a,n/a,n/a,n/a,n/a,n/a,n/a,n/a,13,n/a,n/a,n/a,n/a,n/a,n/a,n/a,n/a,n/a,n/a
2017-2018,Novembro,Maputo,Moamba,Moamba,MZ09,MZ1007,n/a,Chuvas e ventos fortes,1,TRUE,0,11/15/2017,5,1,n/a,n/a,n/a,n/a,n/a,n/a,n/a,n/a,n/a,n/a,n/a,n/a,n/a,n/a,n/a,n/a,n/a,n/a,n/a,n/a,n/a,n/a,n/a,n/a,n/a,n/a,n/a,n/a,n/a,n/a
2018-2019,Marco,Tete,Moatize,Moatize,MZ05,MZ0512,n/a,Depressao tropical,0,FALSE,0,3/8/2019,5090,1018,n/a,n/a,n/a,1,1,n/a,1856,1401,n/a,27,57,n/a,8220,n/a,4,n/a,n/a,n/a,n/a,n/a,n/a,n/a,n/a,n/a,n/a,n/a,5899,4719,n/a,n/a
2016-2017,n/a,Cabo_Delgado,Mocimboa da Praia,Mocimboa da Praia,MZ02,MZ0210,n/a,Chuvas e ventos fortes,1,TRUE,0,1/16/2017,17,3,n/a,n/a,n/a,n/a,n/a,n/a,3,n/a,n/a,n/a,n/a,n/a,n/a,n/a,n/a,n/a,n/a,n/a,n/a,n/a,n/a,n/a,n/a,n/a,n/a,n/a,n/a,n/a,n/a,n/a
2016-2017,n/a,Cabo_Delgado,Mocimboa da Praia,Mocimboa da Praia,MZ02,MZ0210,n/a,Chuvas e ventos fortes,1,TRUE,0,3/9/2017,20,4,n/a,n/a,n/a,n/a,n/a,n/a,2,2,n/a,n/a,n/a,n/a,n/a,n/a,n/a,n/a,n/a,n/a,n/a,n/a,n/a,n/a,n/a,n/a,n/a,n/a,n/a,n/a,n/a,n/a
2016-2017,n/a,Zambezia,Mocuba,Mocuba,MZ04,MZ0413,n/a,Chuvas e ventos fortes,1,TRUE,0,11/5/2016,n/a,n/a,n/a,n/a,n/a,n/a,n/a,n/a,n/a,n/a,n/a,1,1,n/a,230,6,n/a,n/a,n/a,n/a,n/a,n/a,n/a,n/a,n/a,n/a,n/a,n/a,n/a,n/a,n/a,n/a
2016-2017,n/a,Zambezia,Mocuba,Mocuba,MZ04,MZ0413,n/a,Chuvas e ventos fortes,1,TRUE,0,12/7/2016,n/a,0,n/a,n/a,n/a,n/a,n/a,n/a,n/a,n/a,n/a,1,1,n/a,n/a,n/a,n/a,n/a,n/a,n/a,n/a,n/a,n/a,n/a,n/a,n/a,n/a,n/a,n/a,n/a,n/a,n/a
2016-2017,n/a,Zambezia,Mocubela,Mocubela,MZ04,MZ0414,n/a,Chuvas fortes,1,FALSE,0,4/1/2017,36,7,n/a,n/a,2,n/a,n/a,n/a,7,n/a,n/a,n/a,1,n/a,150,2,n/a,n/a,n/a,n/a,n/a,n/a,n/a,n/a,n/a,n/a,n/a,n/a,n/a,n/a,n/a,n/a
2017-2018,Janeiro,Nampula,Mogincual,Mogincual,MZ09,MZ0312,n/a,Chuvas e ventos fortes,1,TRUE,0,1/15/2018,255,51,n/a,n/a,n/a,n/a,n/a,n/a,27,24,n/a,n/a,17,9,n/a,n/a,1,n/a,n/a,n/a,n/a,n/a,n/a,n/a,n/a,n/a,n/a,n/a,n/a,n/a,n/a,n/a
2016-2017,n/a,Nampula,Mogovolas,Mogovolas,MZ03,MZ0313,n/a,Chuvas e ventos fortes,1,TRUE,0,12/25/2016,5,1,n/a,n/a,n/a,n/a,n/a,n/a,1,n/a,n/a,n/a,n/a,n/a,n/a,n/a,n/a,n/a,n/a,n/a,n/a,n/a,n/a,n/a,n/a,n/a,n/a,n/a,n/a,n/a,n/a,n/a
2016-2017,n/a,Nampula,Mogovolas,Mogovolas,MZ03,MZ0313,n/a,Chuvas e ventos fortes,1,TRUE,0,2/28/2017,n/a,n/a,n/a,n/a,n/a,n/a,n/a,n/a,n/a,n/a,n/a,1,4,n/a,n/a,n/a,n/a,n/a,n/a,n/a,n/a,n/a,n/a,n/a,n/a,n/a,n/a,n/a,n/a,n/a,n/a,n/a
2017-2018,Outubro,Nampula,Mogovolas,Mogovolas,MZ09,MZ0313,n/a,Chuvas e ventos fortes,1,TRUE,0,11/3/2017,n/a,n/a,n/a,n/a,n/a,n/a,n/a,n/a,n/a,n/a,n/a,n/a,3,n/a,n/a,n/a,n/a,n/a,n/a,n/a,n/a,n/a,n/a,n/a,n/a,n/a,n/a,n/a,n/a,n/a,n/a,n/a
2017-2018,Dezembro,Nampula,Mogovolas,Mogovolas,MZ09,MZ0313,n/a,Chuvas e ventos fortes,1,TRUE,0,12/26/2017,550,110,n/a,n/a,n/a,n/a,n/a,n/a,74,36,n/a,n/a,5,n/a,n/a,n/a,7,n/a,n/a,n/a,n/a,n/a,n/a,n/a,n/a,n/a,n/a,n/a,n/a,n/a,n/a,n/a
2017-2018,Janeiro,Nampula,Mogovolas,Mogovolas,MZ09,MZ0313,n/a,Chuvas e ventos fortes,1,TRUE,0,1/15/2018,n/a,n/a,n/a,n/a,n/a,n/a,n/a,n/a,n/a,n/a,n/a,n/a,9,2,n/a,n/a,n/a,1,n/a,n/a,n/a,n/a,n/a,n/a,n/a,n/a,n/a,n/a,n/a,n/a,n/a,n/a
2017-2018,Fevereiro,Nampula,Mogovolas,Mogovolas,MZ09,MZ0313,n/a,Chuvas acompanhadas de Trovoadas,1,FALSE,0,2/6/2018,n/a,n/a,n/a,n/a,1,n/a,n/a,n/a,n/a,n/a,n/a,n/a,n/a,n/a,n/a,n/a,n/a,n/a,n/a,n/a,n/a,n/a,n/a,n/a,n/a,n/a,n/a,n/a,n/a,n/a,n/a,n/a
2016-2017,n/a,Zambezia,Molundo,Molumbo,MZ04,MZ0415,n/a,Chuvas e ventos fortes,1,TRUE,0,11/2/2016,385,77,n/a,n/a,n/a,n/a,n/a,n/a,32,45,n/a,2,n/a,5,n/a,n/a,4,4,n/a,n/a,n/a,n/a,n/a,n/a,n/a,n/a,n/a,n/a,n/a,n/a,n/a,n/a
2017-2018,Novembro,Zambezia,Molundo,Molumbo,MZ09,MZ0415,n/a,Descarga atmosferica,0,FALSE,1,11/9/2017,710,142,n/a,n/a,n/a,n/a,n/a,n/a,142,n/a,n/a,n/a,n/a,n/a,n/a,n/a,n/a,n/a,n/a,n/a,n/a,n/a,n/a,n/a,n/a,n/a,n/a,n/a,n/a,n/a,n/a,n/a
2017-2018,Janeiro,Nampula,Moma,Moma,MZ09,MZ0314,n/a,Chuvas e ventos fortes,1,TRUE,0,1/18/2018,n/a,n/a,n/a,n/a,n/a,n/a,n/a,n/a,n/a,n/a,n/a,n/a,22,5,n/a,n/a,n/a,n/a,n/a,n/a,n/a,n/a,n/a,n/a,n/a,n/a,n/a,n/a,n/a,n/a,n/a,n/a
2016-2017,n/a,Nampula,Monapo,Monapo,MZ03,MZ0315,n/a,Chuvas e ventos fortes,1,TRUE,0,12/3/2016,1640,328,n/a,n/a,2,n/a,n/a,n/a,328,n/a,n/a,n/a,n/a,n/a,n/a,n/a,n/a,n/a,n/a,n/a,n/a,n/a,n/a,n/a,n/a,n/a,n/a,n/a,n/a,n/a,n/a,n/a
2016-2017,n/a,Nampula,Monapo,Monapo,MZ03,MZ0315,n/a,Chuvas e ventos fortes,1,TRUE,0,2/20/2017,45,9,n/a,n/a,n/a,n/a,n/a,n/a,n/a,n/a,n/a,n/a,3,1,n/a,n/a,n/a,n/a,n/a,n/a,n/a,n/a,n/a,n/a,n/a,n/a,n/a,n/a,n/a,n/a,n/a,n/a
2017-2018,Janeiro,Nampula,Monapo,Monapo,MZ09,MZ0315,n/a,Chuvas e ventos fortes,1,TRUE,0,1/15/2018,35660,7132,n/a,n/a,n/a,n/a,n/a,n/a,3257,3875,n/a,n/a,47,24,n/a,n/a,6,n/a,n/a,n/a,n/a,22,n/a,n/a,n/a,n/a,n/a,n/a,n/a,n/a,n/a,n/a
2016-2017,n/a,Cabo_Delgado,Montepuez,Montepuez,MZ02,MZ0211,n/a,Chuvas e ventos fortes,1,TRUE,0,12/26/2016,n/a,n/a,n/a,n/a,1,n/a,n/a,n/a,n/a,n/a,n/a,n/a,n/a,n/a,n/a,n/a,n/a,n/a,n/a,n/a,n/a,n/a,n/a,n/a,n/a,n/a,n/a,n/a,n/a,n/a,n/a,n/a
2016-2017,n/a,Cabo_Delgado,Montepuez,Montepuez,MZ02,MZ0211,n/a,Chuvas e ventos fortes,1,TRUE,0,1/21/2017,665,133,n/a,n/a,n/a,n/a,n/a,n/a,127,6,n/a,n/a,n/a,n/a,n/a,n/a,n/a,n/a,n/a,n/a,n/a,2,n/a,n/a,n/a,n/a,n/a,n/a,n/a,n/a,n/a,n/a
2017-2018,Novembro,Cabo_Delgado,Montepuez,Montepuez,MZ09,MZ0211,n/a,Chuvas fortes,1,FALSE,0,11/27/2017,465,92,n/a,n/a,n/a,n/a,n/a,n/a,92,n/a,n/a,n/a,n/a,n/a,n/a,n/a,n/a,n/a,n/a,n/a,n/a,n/a,n/a,n/a,n/a,n/a,n/a,n/a,n/a,n/a,n/a,n/a
2017-2018,Novembro,Cabo_Delgado,Montepuez,Montepuez,MZ09,MZ0211,n/a,Chuvas fortes,1,FALSE,0,11/27/2017,600,120,n/a,n/a,n/a,1,1,n/a,120,n/a,n/a,n/a,n/a,n/a,n/a,n/a,n/a,n/a,n/a,n/a,n/a,n/a,n/a,n/a,n/a,n/a,n/a,n/a,n/a,n/a,n/a,n/a
2017-2018,Dezembro,Cabo_Delgado,Montepuez,Montepuez,MZ09,MZ0211,n/a,Chuvas e ventos fortes,1,TRUE,0,12/4/2017,30,6,n/a,n/a,2,1,1,n/a,6,n/a,n/a,1,2,n/a,n/a,n/a,n/a,n/a,n/a,n/a,n/a,n/a,n/a,n/a,n/a,n/a,n/a,n/a,n/a,n/a,n/a,n/a
2017-2018,Janeiro,Cabo_Delgado,Montepuez,Montepuez,MZ09,MZ0211,n/a,Chuvas e ventos fortes,1,TRUE,0,1/25/2018,243,89,n/a,n/a,n/a,n/a,n/a,n/a,42,46,n/a,n/a,n/a,n/a,n/a,n/a,n/a,n/a,n/a,n/a,n/a,n/a,n/a,n/a,n/a,n/a,n/a,n/a,n/a,n/a,n/a,n/a
2016-2017,n/a,Zambezia,Mopeia,Mopeia,MZ04,MZ0416,n/a,Chuvas e ventos fortes,1,TRUE,0,11/5/2016,n/a,n/a,n/a,n/a,n/a,n/a,n/a,n/a,n/a,n/a,n/a,1,1,n/a,102,2,n/a,n/a,n/a,n/a,n/a,n/a,n/a,n/a,n/a,n/a,n/a,n/a,n/a,n/a,n/a,n/a
2017-2018,Janeiro,Zambezia,Mopeia,Mopeia,MZ09,MZ0416,n/a,Ventos fortes,0,TRUE,0,1/2/2018,10,2,n/a,n/a,n/a,n/a,n/a,n/a,2,n/a,n/a,n/a,n/a,n/a,n/a,n/a,n/a,n/a,n/a,n/a,n/a,n/a,n/a,n/a,n/a,n/a,n/a,n/a,n/a,n/a,n/a,n/a
2016-2017,n/a,Zambezia,Morrumbala,Morrumbala,MZ04,MZ0417,n/a,Chuvas e ventos fortes,1,TRUE,0,11/26/2016,140,28,n/a,n/a,n/a,n/a,n/a,n/a,28,n/a,n/a,n/a,n/a,n/a,n/a,n/a,n/a,1,n/a,n/a,n/a,n/a,n/a,n/a,n/a,n/a,n/a,n/a,n/a,n/a,n/a,n/a
2016-2017,n/a,Zambezia,Morrumbala,Morrumbala,MZ04,MZ0417,n/a,Chuvas fortes,1,FALSE,0,3/26/2017,6,1,n/a,n/a,3,n/a,n/a,n/a,n/a,1,n/a,n/a,n/a,n/a,n/a,n/a,n/a,n/a,n/a,n/a,n/a,n/a,n/a,n/a,n/a,n/a,n/a,n/a,n/a,n/a,n/a,n/a
2017-2018,Dezembro,Zambezia,Morrumbala,Morrumbala,MZ09,MZ0417,n/a,Chuvas fortes,1,FALSE,0,12/26/2017,n/a,n/a,n/a,n/a,n/a,2,2,n/a,n/a,n/a,n/a,n/a,n/a,n/a,n/a,n/a,n/a,n/a,n/a,n/a,n/a,n/a,n/a,n/a,n/a,n/a,n/a,n/a,n/a,n/a,n/a,n/a
2017-2018,Janeiro,Zambezia,Morrumbala,Morrumbala,MZ09,MZ0417,n/a,Ventos fortes,0,TRUE,0,1/2/2018,25,5,n/a,n/a,n/a,n/a,n/a,n/a,5,n/a,n/a,n/a,n/a,n/a,n/a,n/a,n/a,n/a,n/a,n/a,n/a,n/a,n/a,n/a,n/a,n/a,n/a,n/a,n/a,n/a,n/a,n/a
2017-2018,Janeiro,Zambezia,Morrumbala,Morrumbala,MZ09,MZ0417,n/a,Chuvas e ventos fortes,1,TRUE,0,1/2/2018,n/a,n/a,n/a,n/a,n/a,n/a,n/a,n/a,n/a,n/a,n/a,n/a,n/a,n/a,n/a,n/a,n/a,n/a,n/a,n/a,n/a,n/a,n/a,n/a,n/a,n/a,n/a,n/a,n/a,n/a,n/a,n/a
2016-2017,n/a,Inhambane,Morrumbene,Morrumbene,MZ08,MZ0811,n/a,Ciclone,0,FALSE,0,2/15/2017,31837,8963,n/a,n/a,14,n/a,n/a,n/a,6768,2183,n/a,n/a,n/a,373,n/a,n/a,n/a,11,n/a,n/a,n/a,n/a,n/a,n/a,n/a,n/a,n/a,n/a,n/a,n/a,n/a,n/a
2016-2017,n/a,Nampula,Mossuril,Mossuril,MZ03,MZ0316,n/a,Descarga atmosferica,0,FALSE,1,1/5/2017,5,1,n/a,n/a,2,n/a,n/a,n/a,n/a,1,n/a,n/a,n/a,n/a,n/a,n/a,n/a,n/a,n/a,n/a,n/a,n/a,n/a,n/a,n/a,n/a,n/a,n/a,n/a,n/a,n/a,n/a
2016-2017,n/a,Nampula,Mossuril,Mossuril,MZ03,MZ0316,n/a,Descarga atmosferica,0,FALSE,1,2/5/2017,n/a,n/a,n/a,n/a,2,n/a,n/a,n/a,n/a,n/a,n/a,n/a,n/a,n/a,n/a,n/a,n/a,n/a,n/a,n/a,n/a,n/a,n/a,n/a,n/a,n/a,n/a,n/a,n/a,n/a,n/a,n/a
2016-2017,n/a,Nampula,Mossuril,Mossuril,MZ03,MZ0316,n/a,Chuvas e ventos fortes,1,TRUE,0,2/22/2017,380,76,n/a,n/a,1,n/a,n/a,n/a,64,12,n/a,n/a,n/a,n/a,n/a,n/a,n/a,n/a,n/a,n/a,n/a,n/a,n/a,n/a,n/a,n/a,n/a,n/a,n/a,n/a,n/a,n/a
2017-2018,Janeiro,Nampula,Mossuril,Mossuril,MZ09,MZ0316,n/a,Chuvas e ventos fortes,1,TRUE,0,1/15/2018,7775,1555,n/a,n/a,n/a,n/a,n/a,n/a,1555,n/a,n/a,n/a,23,n/a,n/a,n/a,n/a,3,n/a,n/a,n/a,26,n/a,n/a,n/a,n/a,n/a,n/a,n/a,n/a,n/a,n/a
2017-2018,Janeiro,Nampula,Mossuril,Mossuril,MZ09,MZ0316,n/a,Chuvas fortes,1,FALSE,0,1/16/2018,n/a,n/a,n/a,n/a,n/a,n/a,n/a,n/a,n/a,n/a,n/a,n/a,n/a,n/a,n/a,n/a,n/a,n/a,n/a,n/a,n/a,n/a,n/a,n/a,n/a,n/a,n/a,n/a,n/a,n/a,n/a,n/a
2018-2019,Marco,Manica,Mossurizi,Mossuril,n/a,n/a,n/a,Ciclone,n/a,n/a,n/a,3/14/2019,4108,1003,n/a,n/a,1,n/a,2,n/a,1040,1286,n/a,26,10,45,4805,72,1,2,n/a,n/a,n/a,n/a,n/a,n/a,n/a,n/a,n/a,90,190557,35128,n/a,n/a
2016-2017,n/a,Sofala,Muanza,Muanza,MZ07,MZ0712,n/a,Chuvas e ventos fortes,1,TRUE,0,11/19/2016,105,21,n/a,n/a,n/a,n/a,n/a,n/a,21,n/a,n/a,n/a,n/a,n/a,n/a,n/a,n/a,n/a,n/a,n/a,n/a,n/a,n/a,n/a,n/a,n/a,n/a,n/a,n/a,n/a,n/a,n/a
2017-2018,Dezembro,Sofala,Muanza,Muanza,MZ09,MZ0712,n/a,Vendaval,0,FALSE,0,12/13/2017,n/a,n/a,n/a,n/a,n/a,n/a,n/a,n/a,n/a,n/a,n/a,1,3,n/a,n/a,n/a,n/a,n/a,n/a,n/a,n/a,n/a,n/a,n/a,n/a,n/a,n/a,n/a,n/a,n/a,n/a,n/a
2017-2018,Dezembro,Sofala,Muanza,Muanza,MZ09,MZ0712,n/a,Chuvas e ventos fortes,1,TRUE,0,12/26/2017,n/a,n/a,n/a,n/a,n/a,n/a,n/a,n/a,n/a,n/a,n/a,n/a,2,n/a,n/a,n/a,n/a,n/a,n/a,n/a,n/a,n/a,n/a,n/a,n/a,n/a,n/a,n/a,n/a,n/a,n/a,n/a
2018-2019,Marco,Sofala,Muanza,Muanza,n/a,n/a,n/a,Ciclone,n/a,n/a,n/a,3/14/2019,36525,7305,n/a,n/a,4,n/a,1,n/a,n/a,n/a,n/a,n/a,n/a,n/a,1006,34,n/a,n/a,n/a,n/a,n/a,n/a,n/a,n/a,n/a,n/a,n/a,n/a,682,4408,n/a,n/a
2016-2017,n/a,Nampula,Muecate,Muecate,MZ03,MZ0317,n/a,Ventos fortes,0,TRUE,0,12/30/2016,n/a,n/a,n/a,n/a,n/a,n/a,n/a,n/a,n/a,n/a,n/a,1,n/a,n/a,n/a,n/a,n/a,n/a,n/a,n/a,n/a,n/a,n/a,n/a,n/a,n/a,n/a,n/a,n/a,n/a,n/a,n/a
2017-2018,Janeiro,Nampula,Muecate,Muecate,MZ09,MZ0317,n/a,Chuvas fortes,1,FALSE,0,1/9/2018,n/a,n/a,n/a,n/a,n/a,n/a,n/a,n/a,n/a,n/a,n/a,1,n/a,3,n/a,n/a,n/a,n/a,n/a,n/a,n/a,n/a,n/a,n/a,n/a,n/a,n/a,n/a,n/a,n/a,n/a,n/a
2017-2018,Janeiro,Nampula,Muecate,Muecate,MZ09,MZ0317,n/a,Chuvas e ventos fortes,1,TRUE,0,1/15/2018,2115,425,n/a,n/a,n/a,n/a,n/a,n/a,425,n/a,n/a,n/a,39,n/a,n/a,n/a,n/a,2,n/a,n/a,n/a,10,n/a,n/a,n/a,n/a,n/a,n/a,n/a,n/a,n/a,n/a
2017-2018,Dezembro,Cabo_Delgado,Mueda,Mueda,MZ09,MZ0212,n/a,Chuvas e ventos fortes,1,TRUE,0,12/2/2017,95,19,n/a,n/a,n/a,n/a,n/a,n/a,16,3,n/a,n/a,n/a,n/a,n/a,n/a,n/a,n/a,n/a,n/a,n/a,n/a,n/a,n/a,n/a,n/a,n/a,n/a,n/a,n/a,n/a,n/a
2016-2017,n/a,Niassa,Muembe,Muembe,MZ01,MZ0113,n/a,Descarga atmosferica,0,FALSE,1,2/11/2017,n/a,n/a,n/a,n/a,3,n/a,n/a,n/a,n/a,n/a,n/a,n/a,n/a,n/a,n/a,n/a,n/a,n/a,n/a,n/a,n/a,n/a,n/a,n/a,n/a,n/a,n/a,n/a,n/a,n/a,n/a,n/a
2017-2018,Janeiro,Niassa,Muembe,Muembe,MZ09,MZ0113,n/a,Chuvas e ventos fortes,1,TRUE,0,1/9/2018,30,6,n/a,n/a,n/a,n/a,n/a,n/a,6,n/a,n/a,n/a,n/a,n/a,n/a,n/a,n/a,n/a,n/a,n/a,n/a,n/a,n/a,n/a,n/a,n/a,n/a,n/a,n/a,n/a,n/a,n/a
2016-2017,n/a,Cabo_Delgado,Muidumbe,Muidumbe,MZ02,MZ0213,n/a,Chuvas e ventos fortes,1,TRUE,0,2/22/2017,30,6,n/a,n/a,n/a,n/a,n/a,n/a,5,1,n/a,n/a,n/a,n/a,n/a,n/a,n/a,n/a,n/a,n/a,n/a,n/a,n/a,n/a,n/a,n/a,n/a,n/a,n/a,n/a,n/a,n/a
2016-2017,n/a,Cabo_Delgado,Muidumbe,Muidumbe,MZ02,MZ0213,n/a,Inundades,0,FALSE,0,4/1/2017,20,4,n/a,n/a,n/a,n/a,n/a,n/a,n/a,4,n/a,n/a,n/a,n/a,n/a,n/a,n/a,n/a,n/a,n/a,n/a,n/a,n/a,n/a,n/a,n/a,n/a,n/a,n/a,n/a,n/a,n/a
2017-2018,Janeiro,Cabo_Delgado,Muidumbe,Muidumbe,MZ09,MZ0213,n/a,Chuvas e ventos fortes,1,TRUE,0,1/18/2018,550,110,n/a,n/a,n/a,n/a,n/a,n/a,67,77,n/a,n/a,n/a,n/a,n/a,n/a,n/a,n/a,n/a,n/a,n/a,1,n/a,n/a,n/a,n/a,n/a,n/a,n/a,n/a,n/a,n/a
2016-2017,n/a,Nampula,Murrupula,Murrupula,MZ03,MZ0318,n/a,Chuvas fortes,1,FALSE,0,1/3/2017,n/a,n/a,n/a,n/a,2,n/a,n/a,n/a,n/a,n/a,n/a,n/a,n/a,n/a,n/a,n/a,n/a,n/a,n/a,n/a,n/a,n/a,n/a,n/a,n/a,n/a,n/a,n/a,n/a,n/a,n/a,n/a
2016-2017,n/a,Nampula,Murrupula,Murrupula,MZ03,MZ0318,n/a,Chuvas e ventos fortes,1,TRUE,0,2/18/2017,n/a,n/a,n/a,n/a,n/a,n/a,n/a,n/a,n/a,n/a,n/a,n/a,3,1,n/a,n/a,n/a,n/a,n/a,n/a,n/a,n/a,n/a,n/a,n/a,n/a,n/a,n/a,n/a,n/a,n/a,n/a
2017-2018,Janeiro,Nampula,Murrupula,Murrupula,MZ09,MZ0318,n/a,Chuvas fortes,1,FALSE,0,1/16/2018,n/a,n/a,n/a,n/a,n/a,n/a,n/a,n/a,n/a,n/a,n/a,n/a,n/a,5,n/a,n/a,n/a,n/a,n/a,n/a,n/a,n/a,n/a,n/a,n/a,n/a,n/a,n/a,n/a,n/a,n/a,n/a
2016-2017,n/a,Tete,Mutarara,Mutarara,MZ05,MZ0513,n/a,Ventos fortes,0,TRUE,0,10/3/2016,n/a,n/a,n/a,n/a,n/a,n/a,n/a,n/a,n/a,n/a,n/a,1,n/a,n/a,n/a,n/a,1,1,n/a,n/a,n/a,n/a,n/a,n/a,n/a,n/a,n/a,n/a,n/a,n/a,n/a,n/a
2016-2017,n/a,Tete,Mutarara,Mutarara,MZ05,MZ0513,n/a,Chuvas e ventos fortes,1,TRUE,0,1/21/2017,n/a,n/a,n/a,n/a,n/a,n/a,n/a,n/a,n/a,n/a,n/a,n/a,n/a,n/a,n/a,n/a,n/a,n/a,n/a,n/a,n/a,n/a,n/a,n/a,n/a,n/a,n/a,n/a,n/a,n/a,n/a,n/a
2016-2017,n/a,Tete,Mutarara,Mutarara,MZ05,MZ0513,n/a,Descarga atmosferica,0,FALSE,1,1/28/2017,n/a,n/a,n/a,n/a,1,n/a,n/a,n/a,n/a,n/a,n/a,n/a,n/a,n/a,n/a,n/a,n/a,n/a,n/a,n/a,n/a,n/a,n/a,n/a,n/a,n/a,n/a,n/a,n/a,n/a,n/a,n/a
2018-2019,Marco,Tete,Mutarara,Mutarara,MZ05,MZ0513,n/a,Depressao tropical,0,FALSE,0,3/6/2019,155,31,n/a,n/a,n/a,n/a,n/a,n/a,n/a,n/a,n/a,n/a,n/a,n/a,n/a,n/a,n/a,n/a,n/a,n/a,n/a,n/a,n/a,n/a,n/a,n/a,n/a,n/a,n/a,n/a,n/a,n/a
2018-2019,Marco,Tete,Mutarara,Mutarara,MZ05,MZ0513,n/a,Depressao tropical,0,FALSE,0,3/8/2019,3765,753,n/a,n/a,n/a,1,1,n/a,242,511,n/a,8,18,n/a,1562,n/a,3,n/a,n/a,n/a,n/a,n/a,n/a,n/a,n/a,n/a,n/a,n/a,4341,4483,n/a,n/a
2016-2017,n/a,Maputo,n/a,n/a,MZ10,n/a,n/a,Ventos fortes,0,TRUE,0,10/24/2016,22460,4492,n/a,n/a,51,n/a,n/a,n/a,4018,474,n/a,65,155,31,n/a,n/a,n/a,7,n/a,n/a,n/a,n/a,n/a,n/a,n/a,n/a,n/a,3,n/a,n/a,n/a,n/a
2016-2017,n/a,Nampula,Nacala Porto,Nacala Porto,MZ03,MZ0319,n/a,Chuvas fortes,1,FALSE,0,1/10/2017,660,132,n/a,n/a,n/a,n/a,n/a,n/a,88,44,n/a,n/a,n/a,n/a,n/a,n/a,n/a,n/a,n/a,n/a,n/a,n/a,n/a,n/a,n/a,n/a,n/a,n/a,n/a,n/a,n/a,n/a
2017-2018,Novembro,Nampula,Nacala Porto,Nacala Porto,MZ09,MZ0319,n/a,Chuvas fortes,1,FALSE,0,11/21/2017,27,7,n/a,n/a,n/a,n/a,n/a,n/a,n/a,n/a,n/a,n/a,n/a,n/a,n/a,n/a,n/a,n/a,n/a,n/a,n/a,n/a,n/a,n/a,n/a,n/a,n/a,n/a,n/a,n/a,n/a,n/a
2017-2018,Janeiro,Nampula,Nacala Porto,Nacala Porto,MZ09,MZ0319,n/a,Chuvas fortes,1,FALSE,0,1/8/2018,25,5,n/a,n/a,n/a,n/a,n/a,n/a,5,n/a,n/a,n/a,n/a,n/a,n/a,n/a,n/a,n/a,n/a,n/a,n/a,n/a,n/a,n/a,n/a,n/a,n/a,n/a,n/a,n/a,n/a,n/a
2017-2018,Janeiro,Nampula,Nacala Porto,Nacala Porto,MZ09,MZ0319,n/a,Chuvas e ventos fortes,1,TRUE,0,1/15/2018,400,80,n/a,n/a,n/a,n/a,n/a,n/a,80,n/a,n/a,n/a,n/a,n/a,n/a,n/a,n/a,n/a,n/a,n/a,n/a,n/a,n/a,n/a,n/a,n/a,n/a,1,n/a,n/a,n/a,n/a
2017-2018,Janeiro,Nampula,Nacala Porto,Nacala Porto,MZ09,MZ0319,n/a,Chuvas e ventos fortes,1,TRUE,0,1/18/2018,2256,451,n/a,n/a,n/a,n/a,n/a,n/a,275,176,n/a,n/a,n/a,3,n/a,n/a,n/a,1,n/a,n/a,n/a,n/a,n/a,n/a,n/a,n/a,n/a,n/a,n/a,n/a,n/a,n/a
2016-2017,n/a,Nampula,Nacala Velha,Nacala Velha,MZ03,MZ0320,n/a,Chuvas e ventos fortes,1,TRUE,0,2/18/2017,95,19,n/a,n/a,n/a,n/a,n/a,n/a,19,n/a,n/a,n/a,n/a,n/a,n/a,n/a,n/a,n/a,n/a,n/a,n/a,n/a,n/a,n/a,n/a,n/a,n/a,n/a,n/a,n/a,n/a,n/a
2016-2017,n/a,Nampula,Nacala Velha,Nacala Velha,MZ03,MZ0320,n/a,Chuvas fortes,1,FALSE,0,2/20/2017,155,31,n/a,n/a,n/a,n/a,n/a,n/a,31,n/a,n/a,n/a,n/a,n/a,n/a,n/a,n/a,n/a,n/a,n/a,n/a,n/a,n/a,n/a,n/a,n/a,n/a,n/a,n/a,n/a,n/a,n/a
2017-2018,Dezembro,Nampula,Nacala Velha,Nacala Velha,MZ09,MZ0320,n/a,Chuvas e ventos fortes,1,TRUE,0,12/17/2017,105,21,n/a,n/a,1,n/a,n/a,n/a,n/a,n/a,n/a,n/a,n/a,n/a,n/a,n/a,n/a,n/a,n/a,n/a,n/a,n/a,n/a,n/a,n/a,n/a,n/a,n/a,n/a,n/a,n/a,n/a
2017-2018,Dezembro,Nampula,Nacala Velha,Nacala Velha,MZ09,MZ0320,n/a,Chuvas e ventos fortes,1,TRUE,0,11/18/2017,105,21,n/a,n/a,n/a,n/a,n/a,n/a,21,n/a,n/a,n/a,n/a,n/a,n/a,n/a,n/a,n/a,n/a,n/a,n/a,n/a,n/a,n/a,n/a,n/a,n/a,n/a,n/a,n/a,n/a,n/a
2017-2018,Janeiro,Nampula,Nacala Velha,Nacala Velha,MZ09,MZ0320,n/a,Chuvas e ventos fortes,1,TRUE,0,1/15/2018,1225,245,n/a,n/a,n/a,n/a,n/a,n/a,170,75,n/a,n/a,7,4,n/a,n/a,n/a,n/a,n/a,n/a,n/a,n/a,n/a,n/a,n/a,n/a,n/a,n/a,n/a,n/a,n/a,n/a
2016-2017,n/a,Nampula,Nacaroa,Nacaroa,MZ03,MZ0321,n/a,Chuvas e ventos fortes,1,TRUE,0,1/11/2017,390,78,n/a,n/a,n/a,n/a,n/a,n/a,78,n/a,n/a,n/a,4,n/a,n/a,n/a,n/a,n/a,n/a,n/a,n/a,n/a,n/a,n/a,n/a,n/a,n/a,n/a,n/a,n/a,n/a,n/a
2017-2018,Outubro,Nampula,Nacaroa,Nacaroa,MZ09,MZ0321,n/a,Chuvas e ventos fortes,1,TRUE,0,11/2/2017,45,9,n/a,n/a,3,n/a,n/a,n/a,9,n/a,n/a,n/a,3,n/a,n/a,n/a,n/a,n/a,n/a,n/a,n/a,n/a,n/a,n/a,n/a,n/a,n/a,n/a,n/a,n/a,n/a,n/a
2017-2018,Janeiro,Nampula,Nacaroa,Nacaroa,MZ09,MZ0321,n/a,Chuvas e ventos fortes,1,TRUE,0,1/9/2018,70,14,n/a,n/a,n/a,n/a,n/a,n/a,14,n/a,n/a,n/a,n/a,n/a,n/a,n/a,n/a,n/a,n/a,n/a,n/a,n/a,n/a,n/a,n/a,n/a,n/a,n/a,n/a,n/a,n/a,n/a
2017-2018,Janeiro,Nampula,Nacaroa,Nacaroa,MZ09,MZ0321,n/a,Chuvas e ventos fortes,1,TRUE,0,1/15/2018,3010,602,n/a,n/a,n/a,n/a,n/a,n/a,39,6,n/a,n/a,3,7,n/a,n/a,n/a,n/a,n/a,n/a,n/a,14,n/a,n/a,n/a,n/a,n/a,n/a,n/a,n/a,n/a,n/a
2016-2017,n/a,Maputo,Namaacha,Namaacha,MZ10,MZ1008,062/INAM-DAPT/999/2016,Chuvas e ventos fortes,1,TRUE,0,12/24/2016,n/a,n/a,n/a,n/a,n/a,n/a,n/a,n/a,n/a,n/a,n/a,n/a,n/a,n/a,n/a,n/a,n/a,n/a,n/a,n/a,n/a,n/a,n/a,n/a,n/a,n/a,n/a,n/a,n/a,n/a,n/a,n/a
2016-2017,n/a,Maputo,Namaacha,Namaacha,MZ10,MZ1008,n/a,Chuvas e ventos fortes,1,TRUE,0,1/25/2017,5,1,n/a,n/a,n/a,n/a,n/a,n/a,1,n/a,n/a,n/a,n/a,n/a,n/a,n/a,n/a,n/a,n/a,n/a,n/a,n/a,n/a,n/a,n/a,n/a,n/a,n/a,n/a,n/a,n/a,n/a
2017-2018,Janeiro,Cabo_Delgado,Namuno,Namuno,MZ09,MZ0214,n/a,Chuvas e ventos fortes,1,TRUE,0,1/2/2018,n/a,n/a,n/a,n/a,1,n/a,n/a,n/a,n/a,n/a,n/a,n/a,n/a,n/a,n/a,n/a,n/a,n/a,n/a,n/a,n/a,n/a,n/a,n/a,n/a,n/a,n/a,n/a,n/a,n/a,n/a,n/a
2017-2018,Janeiro,Cabo_Delgado,Namuno,Namuno,MZ09,MZ0214,n/a,Chuvas e ventos fortes,1,TRUE,0,1/18/2018,2245,449,n/a,n/a,n/a,n/a,n/a,n/a,8,449,n/a,n/a,n/a,n/a,n/a,n/a,n/a,n/a,n/a,n/a,n/a,n/a,n/a,n/a,n/a,n/a,n/a,n/a,n/a,n/a,n/a,n/a
2017-2018,Janeiro,Cabo_Delgado,Nangade,Nangade,MZ09,MZ0215,n/a,Chuvas e ventos fortes,1,TRUE,0,1/19/2018,n/a,n/a,n/a,n/a,n/a,n/a,n/a,n/a,n/a,n/a,n/a,n/a,n/a,n/a,n/a,n/a,n/a,n/a,n/a,n/a,n/a,3,n/a,n/a,n/a,n/a,n/a,n/a,n/a,n/a,n/a,n/a
2017-2018,Novembro,Niassa,Ngauma,Ngauma,MZ09,MZ0114,n/a,Chuvas e ventos fortes,1,TRUE,0,11/12/2017,172,90,n/a,n/a,n/a,n/a,n/a,n/a,83,7,n/a,n/a,n/a,n/a,n/a,n/a,n/a,n/a,n/a,n/a,n/a,n/a,n/a,n/a,n/a,n/a,n/a,n/a,n/a,n/a,n/a,n/a
2017-2018,Dezembro,Niassa,Ngauma,Ngauma,MZ09,MZ0114,n/a,Chuvas e ventos fortes,1,TRUE,0,12/15/2017,533,105,533,105,n/a,n/a,n/a,n/a,65,40,n/a,1,2,2,360,n/a,n/a,n/a,n/a,n/a,n/a,n/a,n/a,n/a,n/a,n/a,n/a,n/a,n/a,n/a,n/a,n/a
2017-2018,Fevereiro,Niassa,Ngauma,Ngauma,MZ09,MZ0114,n/a,Descarga atmosferica,0,FALSE,1,2/27/2018,n/a,n/a,n/a,n/a,2,n/a,n/a,n/a,n/a,n/a,n/a,n/a,n/a,n/a,n/a,n/a,n/a,n/a,n/a,n/a,n/a,n/a,n/a,n/a,n/a,n/a,n/a,n/a,n/a,n/a,n/a,n/a
2016-2017,n/a,Sofala,Nhamatanda,Nhamatanda,MZ07,MZ0713,n/a,Chuvas e ventos fortes,1,TRUE,0,12/17/2016,n/a,n/a,n/a,n/a,n/a,n/a,n/a,n/a,n/a,n/a,n/a,n/a,4,n/a,n/a,n/a,n/a,n/a,n/a,n/a,n/a,n/a,n/a,n/a,n/a,n/a,n/a,n/a,n/a,n/a,n/a,n/a
2016-2017,n/a,Sofala,Nhamatanda,Nhamatanda,MZ07,MZ0713,n/a,Chuvas e ventos fortes,1,TRUE,0,12/25/2016,n/a,n/a,n/a,n/a,n/a,n/a,n/a,n/a,n/a,5,n/a,n/a,n/a,n/a,n/a,n/a,n/a,1,n/a,n/a,n/a,n/a,n/a,n/a,n/a,n/a,n/a,n/a,n/a,n/a,n/a,n/a
2016-2017,n/a,Sofala,Nhamatanda,Nhamatanda,MZ07,MZ0713,n/a,Inundades,0,FALSE,0,1/22/2017,6785,1357,n/a,n/a,n/a,n/a,n/a,n/a,n/a,785,955,2,n/a,n/a,n/a,n/a,n/a,2,n/a,n/a,n/a,n/a,n/a,n/a,n/a,n/a,n/a,n/a,n/a,n/a,n/a,n/a
2017-2018,Dezembro,Sofala,Nhamatanda,Nhamatanda,MZ09,MZ0713,n/a,Chuvas fortes,1,FALSE,0,12/26/2017,40,8,n/a,4,n/a,2,n/a,n/a,n/a,4,n/a,n/a,n/a,n/a,n/a,n/a,n/a,n/a,n/a,n/a,n/a,n/a,n/a,n/a,n/a,n/a,n/a,n/a,n/a,n/a,n/a,n/a
2017-2018,Fevereiro,Sofala,Nhamatanda,Nhamatanda,MZ09,MZ0713,n/a,Chuvas e ventos fortes,1,TRUE,0,2/19/2018,495,99,n/a,n/a,n/a,n/a,n/a,n/a,n/a,3,96,n/a,n/a,n/a,n/a,n/a,n/a,n/a,n/a,n/a,n/a,n/a,n/a,n/a,n/a,n/a,n/a,n/a,n/a,n/a,n/a,n/a
2018-2019,Marco,Sofala,Nhamatanda,Nhamatanda,n/a,n/a,n/a,Ciclone,n/a,n/a,n/a,3/14/2019,273676,54409,n/a,n/a,118,n/a,132,n/a,19070,20271,n/a,105,540,n/a,68863,1140,122,13,n/a,n/a,n/a,5,n/a,n/a,n/a,n/a,n/a,60,113252,35294,n/a,n/a
2017-2018,Abril,Cabo_Delgado,Palma,Palma,n/a,n/a,n/a,n/a,n/a,n/a,n/a,4/18/2018,2500,500,n/a,n/a,n/a,n/a,n/a,n/a,n/a,n/a,500,n/a,n/a,n/a,n/a,n/a,n/a,n/a,n/a,n/a,n/a,n/a,n/a,n/a,n/a,n/a,n/a,n/a,n/a,n/a,n/a,n/a
2016-2017,n/a,Inhambane,Panda,Panda,MZ08,MZ0812,n/a,Chuvas e ventos fortes,1,TRUE,0,12/25/2016,20,4,n/a,n/a,n/a,n/a,n/a,n/a,3,n/a,n/a,1,1,n/a,n/a,n/a,n/a,n/a,n/a,n/a,n/a,n/a,n/a,n/a,n/a,n/a,n/a,n/a,n/a,n/a,n/a,n/a
2016-2017,n/a,Inhambane,Panda,Panda,MZ08,MZ0812,n/a,Ciclone,0,FALSE,0,2/15/2017,2570,595,n/a,n/a,n/a,n/a,n/a,n/a,300,284,n/a,n/a,n/a,28,n/a,n/a,n/a,n/a,n/a,n/a,n/a,n/a,n/a,n/a,n/a,n/a,n/a,n/a,n/a,n/a,n/a,n/a
2017-2018,Novembro,Zambezia,Pebane,Pebane,MZ09,MZ0422,n/a,Queimadas descontroladas,0,FALSE,0,11/6/2017,95,19,n/a,n/a,n/a,n/a,n/a,n/a,5,14,n/a,n/a,n/a,n/a,n/a,n/a,n/a,n/a,n/a,n/a,n/a,n/a,n/a,n/a,n/a,n/a,n/a,n/a,n/a,n/a,n/a,n/a
2017-2018,Novembro,Zambezia,Pebane,Pebane,MZ09,MZ0422,n/a,Vendaval,0,FALSE,0,11/9/2017,70,14,n/a,n/a,n/a,n/a,n/a,n/a,14,n/a,n/a,n/a,n/a,n/a,n/a,n/a,n/a,n/a,n/a,n/a,n/a,n/a,n/a,n/a,n/a,n/a,n/a,n/a,n/a,n/a,n/a,n/a
2017-2018,Novembro,Cabo_Delgado,Pemba,Cidade de Pemba,MZ09,MZ0217,n/a,Chuvas fortes,1,FALSE,0,11/30/2017,15,3,n/a,n/a,n/a,n/a,n/a,n/a,n/a,n/a,n/a,n/a,n/a,n/a,n/a,n/a,n/a,n/a,n/a,n/a,n/a,1,n/a,n/a,n/a,n/a,n/a,n/a,n/a,n/a,n/a,n/a
2017-2018,Janeiro,Cabo_Delgado,Pemba,Cidade de Pemba,MZ09,MZ0217,n/a,Chuvas e ventos fortes,1,TRUE,0,1/19/2018,475,95,n/a,n/a,n/a,n/a,n/a,n/a,5,2,n/a,n/a,n/a,n/a,n/a,n/a,n/a,n/a,n/a,n/a,n/a,2,n/a,n/a,n/a,n/a,n/a,n/a,n/a,n/a,n/a,n/a
2016-2017,n/a,Cabo_Delgado,Quissanga,Quissanga,MZ02,MZ0218,n/a,Chuvas e ventos fortes,1,TRUE,0,1/26/2017,n/a,n/a,n/a,n/a,n/a,n/a,n/a,n/a,n/a,n/a,n/a,n/a,2,n/a,121,n/a,n/a,n/a,n/a,n/a,n/a,n/a,n/a,n/a,n/a,n/a,n/a,n/a,n/a,n/a,n/a,n/a
2017-2018,Janeiro,Cabo_Delgado,Quissanga,Quissanga,MZ09,MZ0218,n/a,Chuvas e ventos fortes,1,TRUE,0,1/29/2018,20,4,n/a,n/a,n/a,n/a,n/a,n/a,n/a,4,n/a,n/a,n/a,n/a,n/a,n/a,n/a,n/a,n/a,n/a,n/a,n/a,n/a,n/a,n/a,n/a,n/a,n/a,n/a,n/a,n/a,n/a
2017-2018,Abril,Cabo_Delgado,Quissanga,Quissanga,n/a,n/a,n/a,n/a,n/a,n/a,n/a,4/15/2018,20,4,n/a,n/a,n/a,n/a,n/a,n/a,n/a,4,n/a,n/a,n/a,n/a,n/a,n/a,n/a,n/a,n/a,n/a,n/a,n/a,n/a,n/a,n/a,n/a,n/a,n/a,n/a,n/a,n/a,n/a
2016-2017,n/a,Nampula,Rapale,Rapale,MZ03,MZ0323,n/a,Chuvas e ventos fortes,1,TRUE,0,12/4/2016,0,0,n/a,n/a,n/a,n/a,n/a,n/a,n/a,n/a,n/a,n/a,n/a,n/a,n/a,n/a,n/a,n/a,n/a,n/a,n/a,n/a,n/a,n/a,n/a,n/a,n/a,n/a,n/a,n/a,n/a,n/a
2017-2018,Janeiro,Nampula,Rapale,Rapale,MZ09,MZ0323,n/a,Chuvas e ventos fortes,1,TRUE,0,1/15/2018,2165,433,n/a,n/a,n/a,n/a,n/a,n/a,319,114,n/a,n/a,13,4,n/a,n/a,1,n/a,n/a,n/a,n/a,n/a,n/a,n/a,n/a,n/a,n/a,n/a,n/a,n/a,n/a,n/a
2016-2017,n/a,Nampula,Ribaue,Ribaue,MZ03,MZ0324,n/a,Chuvas fortes,1,FALSE,0,2/6/2017,5,1,n/a,n/a,1,n/a,n/a,n/a,1,n/a,n/a,n/a,n/a,n/a,n/a,n/a,n/a,n/a,n/a,n/a,n/a,n/a,n/a,n/a,n/a,n/a,n/a,n/a,n/a,n/a,n/a,n/a
2016-2017,n/a,Nampula,Ribaue,Ribaue,MZ03,MZ0324,n/a,Chuvas fortes,1,FALSE,0,2/17/2017,n/a,n/a,n/a,n/a,n/a,n/a,n/a,n/a,n/a,n/a,n/a,1,4,n/a,n/a,n/a,n/a,n/a,n/a,n/a,n/a,n/a,n/a,n/a,n/a,n/a,n/a,n/a,n/a,n/a,n/a,n/a
2017-2018,Outubro,Nampula,Ribaue,Ribaue,MZ09,MZ0324,n/a,Ventos fortes,0,TRUE,0,10/14/2017,20,4,n/a,n/a,n/a,n/a,n/a,n/a,4,n/a,n/a,n/a,n/a,n/a,n/a,n/a,n/a,n/a,n/a,n/a,n/a,n/a,n/a,n/a,n/a,n/a,n/a,n/a,n/a,n/a,n/a,n/a
2017-2018,Janeiro,Nampula,Ribaue,Ribaue,MZ09,MZ0324,n/a,Chuvas e ventos fortes,1,TRUE,0,1/15/2018,n/a,n/a,n/a,n/a,n/a,n/a,n/a,n/a,317,n/a,n/a,n/a,n/a,5,n/a,n/a,n/a,n/a,n/a,n/a,n/a,11,n/a,n/a,n/a,n/a,n/a,n/a,n/a,n/a,n/a,n/a
2016-2017,n/a,Niassa,Sanga,Sanga,MZ01,MZ0116,n/a,Chuvas e ventos fortes,1,TRUE,0,1/4/2017,n/a,n/a,n/a,n/a,n/a,n/a,n/a,n/a,n/a,n/a,n/a,n/a,n/a,n/a,n/a,n/a,n/a,1,n/a,n/a,n/a,n/a,n/a,n/a,n/a,n/a,n/a,n/a,n/a,n/a,n/a,n/a
2017-2018,Novembro,Niassa,Sanga,Sanga,MZ09,MZ0116,n/a,Chuvas e ventos fortes,1,TRUE,0,11/20/2017,35,7,n/a,n/a,n/a,n/a,n/a,n/a,7,n/a,n/a,n/a,n/a,n/a,n/a,n/a,n/a,n/a,n/a,n/a,n/a,n/a,n/a,n/a,n/a,n/a,n/a,n/a,n/a,n/a,n/a,n/a
2016-2017,n/a,Manica,Sussundenga,Sussundenga,MZ06,MZ0610,n/a,Chuvas e ventos fortes,1,TRUE,0,11/14/2016,180,36,n/a,n/a,n/a,n/a,n/a,n/a,22,14,n/a,n/a,n/a,n/a,n/a,n/a,n/a,n/a,n/a,n/a,n/a,n/a,n/a,n/a,n/a,n/a,n/a,n/a,n/a,n/a,n/a,n/a
2017-2018,Outubro,Manica,Sussundenga,Sussundenga,MZ09,MZ0610,n/a,Chuvas e ventos fortes,1,TRUE,0,10/10/2017,100,20,n/a,n/a,n/a,n/a,n/a,n/a,20,n/a,n/a,n/a,n/a,n/a,n/a,n/a,n/a,n/a,n/a,n/a,n/a,n/a,n/a,n/a,n/a,n/a,n/a,n/a,n/a,n/a,n/a,n/a
2017-2018,Fevereiro,Manica,Sussundenga,Sussundenga,MZ09,MZ0610,n/a,Chuvas e ventos fortes,1,TRUE,0,2/21/2018,115,23,n/a,n/a,n/a,n/a,n/a,n/a,n/a,23,n/a,n/a,n/a,n/a,n/a,n/a,n/a,n/a,n/a,n/a,n/a,n/a,n/a,n/a,n/a,n/a,n/a,n/a,n/a,n/a,n/a,n/a
2018-2019,Marco,Manica,Sussundenga,Sussundenga,n/a,n/a,n/a,Ciclone,n/a,n/a,n/a,3/14/2019,124381,26737,n/a,n/a,n/a,n/a,164,n/a,9274,17660,n/a,39,8,42,5000,50,n/a,1,n/a,n/a,n/a,5,n/a,n/a,n/a,n/a,n/a,64,108565,13469,n/a,n/a
2018-2019,Marco,Tete,Tsangano,Tsangano,MZ05,MZ0514,n/a,Depressao tropical,0,FALSE,0,3/6/2019,18475,3695,n/a,n/a,9,1,1,n/a,n/a,3695,n/a,10,21,n/a,1437,n/a,25,n/a,n/a,n/a,n/a,n/a,n/a,n/a,n/a,n/a,n/a,n/a,100,197,n/a,n/a
2017-2018,Outubro,Manica,Vanduzi,Vanduzi,MZ09,MZ0612,n/a,Chuvas e ventos fortes,1,TRUE,0,10/10/2017,1150,230,n/a,n/a,n/a,n/a,n/a,n/a,145,85,n/a,n/a,20,n/a,n/a,n/a,1,2,n/a,n/a,n/a,n/a,n/a,n/a,n/a,n/a,n/a,n/a,n/a,n/a,n/a,n/a
2018-2019,Marco,Manica,Vanduzi,Vanduzi,n/a,n/a,n/a,Ciclone,n/a,n/a,n/a,3/15/2019,3993,621,n/a,n/a,8,n/a,2,n/a,n/a,1529,n/a,13,3,33,1394,36,n/a,n/a,n/a,n/a,n/a,n/a,n/a,n/a,n/a,n/a,n/a,n/a,39154,7830,n/a,n/a
2016-2017,n/a,Inhambane,Vilankulo,Vilankulo,MZ08,MZ0813,n/a,Ciclone,0,FALSE,0,2/15/2017,675,135,n/a,n/a,n/a,n/a,n/a,n/a,8,n/a,n/a,n/a,n/a,13,n/a,n/a,n/a,n/a,n/a,n/a,n/a,n/a,n/a,n/a,n/a,n/a,n/a,n/a,n/a,n/a,n/a,n/a
2017-2018,Dezembro,Inhambane,Vilankulo,Vilankulo,MZ09,MZ0813,n/a,Chuvas e ventos fortes,1,TRUE,0,12/14/2017,1370,274,n/a,n/a,n/a,n/a,n/a,n/a,257,17,n/a,4,9,5,1600,n/a,n/a,n/a,n/a,n/a,n/a,21,n/a,n/a,n/a,n/a,n/a,n/a,n/a,n/a,n/a,n/a
2017-2018,Fevereiro,Inhambane,Vilankulo,Vilankulo,MZ09,MZ0813,n/a,Chuvas fortes,1,FALSE,0,2/25/2018,55,11,n/a,n/a,n/a,n/a,n/a,n/a,n/a,n/a,11,n/a,n/a,n/a,n/a,n/a,n/a,n/a,n/a,n/a,n/a,n/a,n/a,n/a,n/a,n/a,n/a,n/a,n/a,n/a,n/a,n/a
2018-2019,Marco,Inhambane,Vilankulo,Vilankulo,n/a,n/a,n/a,Ciclone,n/a,n/a,n/a,3/14/2019,55,11,n/a,n/a,n/a,n/a,n/a,n/a,11,0,n/a,n/a,n/a,n/a,n/a,n/a,n/a,n/a,n/a,n/a,n/a,n/a,n/a,n/a,2,n/a,n/a,n/a,n/a,n/a,n/a,n/a
2016-2017,n/a,Gaza,Xai-Xai,Xai - Xai,MZ09,MZ0912,n/a,Chuvas e ventos fortes,1,TRUE,0,10/24/2016,22220,7055,n/a,n/a,2,n/a,n/a,n/a,2939,6253,n/a,n/a,127,140,n/a,n/a,n/a,n/a,n/a,n/a,n/a,n/a,n/a,n/a,n/a,n/a,n/a,n/a,n/a,n/a,n/a,n/a
2016-2017,n/a,Gaza,Xai-Xai,Xai - Xai,MZ09,MZ0912,n/a,Chuvas fortes,1,FALSE,0,11/11/2016,n/a,n/a,n/a,n/a,8,n/a,n/a,n/a,n/a,n/a,n/a,n/a,n/a,n/a,n/a,n/a,n/a,n/a,n/a,n/a,n/a,n/a,n/a,n/a,n/a,n/a,n/a,n/a,n/a,n/a,n/a,n/a
2016-2017,n/a,Gaza,Xai-Xai,Xai - Xai,MZ09,MZ0912,n/a,Chuvas fortes,1,FALSE,0,1/16/2017,1780,356,n/a,n/a,n/a,n/a,n/a,n/a,n/a,n/a,355,n/a,1,n/a,n/a,n/a,n/a,n/a,n/a,n/a,n/a,n/a,n/a,n/a,n/a,n/a,n/a,n/a,n/a,n/a,n/a,n/a
2016-2017,n/a,Gaza,Xai-Xai,Xai - Xai,MZ09,MZ0912,n/a,Inundades,0,FALSE,0,3/3/2017,1106,221,n/a,n/a,n/a,n/a,n/a,n/a,n/a,n/a,n/a,n/a,n/a,n/a,n/a,n/a,n/a,n/a,n/a,n/a,n/a,n/a,n/a,n/a,n/a,n/a,n/a,n/a,n/a,n/a,n/a,n/a
2016-2017,n/a,Inhambane,Zavala,Zavala,MZ08,MZ0814,n/a,Ciclone,0,FALSE,0,2/15/2017,44000,8800,n/a,n/a,n/a,n/a,n/a,n/a,19,n/a,n/a,n/a,n/a,20,n/a,n/a,n/a,4,n/a,n/a,n/a,n/a,n/a,n/a,n/a,n/a,n/a,n/a,n/a,n/a,n/a,n/a
2016-2017,n/a,Tete,Zumbu,Zumbo,MZ05,MZ0515,n/a,Chuvas fortes,1,FALSE,0,11/15/2016,10,2,n/a,n/a,n/a,n/a,n/a,n/a,n/a,2,n/a,n/a,n/a,n/a,n/a,n/a,1,n/a,n/a,n/a,n/a,n/a,n/a,n/a,n/a,n/a,n/a,n/a,n/a,n/a,n/a,n/a
2016-2017,n/a,Tete,Zumbu,Zumbo,MZ05,MZ0515,n/a,Chuvas e ventos fortes,1,TRUE,0,11/25/2016,170,34,n/a,n/a,n/a,n/a,n/a,n/a,30,4,n/a,1,n/a,n/a,n/a,n/a,n/a,1,n/a,n/a,n/a,n/a,n/a,n/a,n/a,n/a,n/a,n/a,n/a,n/a,n/a,n/a
2016-2017,n/a,Tete,Zumbu,Zumbo,MZ05,MZ0515,n/a,Chuvas e ventos fortes,1,TRUE,0,12/5/2016,n/a,n/a,n/a,n/a,n/a,n/a,n/a,n/a,n/a,n/a,n/a,n/a,n/a,n/a,n/a,n/a,n/a,n/a,n/a,n/a,n/a,n/a,n/a,n/a,n/a,n/a,n/a,n/a,n/a,n/a,n/a,n/a
2017-2018,Novembro,Tete,Zumbu,Zumbo,MZ09,MZ0515,n/a,Chuvas e ventos fortes,1,TRUE,0,11/23/2017,2,1,n/a,n/a,2,1,1,n/a,n/a,2,n/a,n/a,n/a,n/a,n/a,n/a,n/a,n/a,n/a,n/a,n/a,n/a,n/a,n/a,n/a,n/a,n/a,n/a,n/a,n/a,n/a,n/a
2017-2018,Fevereiro,Tete,Zumbu,Zumbo,MZ09,MZ0515,n/a,Chuvas e ventos fortes,1,TRUE,0,2/13/2018,80,18,n/a,n/a,n/a,n/a,n/a,n/a,15,3,n/a,n/a,n/a,n/a,n/a,n/a,n/a,n/a,n/a,n/a,n/a,n/a,n/a,n/a,n/a,n/a,n/a,n/a,n/a,n/a,n/a,n/a
2018-2019,Marco,Tete,Zumbu,Zumbo,n/a,n/a,n/a,Ciclone,n/a,n/a,n/a,3/15/2019,n/a,n/a,n/a,n/a,n/a,n/a,n/a,n/a,n/a,n/a,n/a,n/a,n/a,n/a,n/a,n/a,n/a,n/a,n/a,n/a,n/a,n/a,n/a,n/a,n/a,n/a,n/a,n/a,260,264,n/a,n/a
